Product Name,Product Code,Category Name,Type (rent/sell),Color,Size,Rent Price,Sell Price,Discount %,Rental Gap (Max Times),Design Details,Image Filename,Status
SERVANI-458[36],S-458[36],SERVANI,RENT,GULABI,36,10000,,,1,GULABI KASHAB WORK,,AVAILABLE
SERVANI-474[34],,SERVANI,RENT,MARUN,34,10000,,,1,MARUN KASHAB WORK,,AVAILABLE
SERVANI-482[36],,SERVANI,RENT,GULABI,36,10000,,,1,GULABI KASHAB WORK,,AVAILABLE
SERVANI-509[38],,SERVANI,RENT,MARUN,38,10000,,,1,MARUN KASHAB WORK,,AVAILABLE
SERVANI-513[34],,SERVANI,RENT,GULABI,34,10000,,,1,GULABI KASHAB WORK,,AVAILABLE
SERVANI-525[38],,SERVANI,RENT,GULABI,38,10000,,,1,GULABI KASHAB WORK,,AVAILABLE
SERVANI-605[36],,SERVANI,RENT,PICH,36,3500,,,1,PICH LAKHANAVI,,AVAILABLE
SERVANI-614[40],,SERVANI,RENT,GULABI,40,10000,,,1,GULABI KASHAB WORK,,AVAILABLE
SERVANI-624[36],,SERVANI,RENT,GULABI,36,10000,,,1,GULABI KASHAB WORK,,AVAILABLE
INDOWESTERN-652[42],I-652[42],INDOWESTERN,RENT,GULABI,42,5000,,,1,GULABI KOTTI PATERN,,AVAILABLE
SERVANI-665[36],,SERVANI,RENT,GULABI,36,4500,,,1,GULABI GREEN LAKHANVI,,AVAILABLE
INDOWESTERN-667[40],,INDOWESTERN,RENT,WHITE,40,5000,,,1,WHITE KOTTI PATERN,,AVAILABLE
SERVANI-675[36],,SERVANI,RENT,WHITE,36,4500,,,1,WHITE MARUN LAKHANAVI,,AVAILABLE
INDOWESTERN-686[34],,INDOWESTERN,RENT,GULABI,34,5000,,,1,GULABI KOTTI PATERN,,AVAILABLE
INDOWESTERN-690[36],,INDOWESTERN,RENT,WHITE,36,5000,,,1,WHITE KOTTI PATERN,,AVAILABLE
INDOWESTERN-691[38],,INDOWESTERN,RENT,WHITE,38,5000,,,1,WHITE KOTTI PATERN,,AVAILABLE
INDOWESTERN-696[36],,INDOWESTERN,RENT,GULABI,36,5000,,,1,GULABI KOTTI PATERN,,AVAILABLE
INDOWESTERN-697[36],,INDOWESTERN,RENT,GULABI,36,5000,,,1,GULABI KOTTI PATERN,,AVAILABLE
INDOWESTERN-708[36],,INDOWESTERN,RENT,WHITE,36,5000,,,1,WHITE KOTTI PATERN,,AVAILABLE
INDOWESTERN-710[34],,INDOWESTERN,RENT,WHITE,34,5000,,,1,WHITE KOTTI PATERN,,AVAILABLE
INDOWESTERN-724[44],,INDOWESTERN,RENT,GULABI,44,5000,,,1,GULABI KOTTI PATERN,,AVAILABLE
INDOWESTERN-729[34],,INDOWESTERN,RENT,GULABI,34,3500,,,1,GULABI SINH SYMBOL,,AVAILABLE
SERVANI-732[38],,SERVANI,RENT,WHITE,38,4500,,,1,WHITE MARUN LAKHANAVI,,AVAILABLE
SERVANI-743[36],,SERVANI,RENT,WHITE,36,4500,,,1,WHITE MARUN LAKHANAVI,,AVAILABLE
SERVANI-745[36],,SERVANI,RENT,PICH,36,4500,,,1,PICH GULABI ZORZATT,,AVAILABLE
INDOWESTERN-747[42],,INDOWESTERN,RENT,GULABI,42,5000,,,1,GULABI KOTTI PATERN,,AVAILABLE
INDOWESTERN-751[34],,INDOWESTERN,RENT,MARUN,34,3500,,,1,MARUN SYMBOL,,AVAILABLE
INDOWESTERN-752[36],,INDOWESTERN,RENT,MARUN,36,3500,,,1,MARUN SYMBOL,,AVAILABLE
SERVANI-755[34],,SERVANI,RENT,WHITE,34,4500,,,1,WHITE MARUN LAKHANAVI,,AVAILABLE
INDOWESTERN-756[34],,INDOWESTERN,RENT,BLUE,34,3500,,,1,BLUE SYMBOL,,AVAILABLE
INDOWESTERN-757[36],,INDOWESTERN,RENT,BLUE,36,3500,,,1,BLUE SYMBOL,,AVAILABLE
INDOWESTERN-760[40],,INDOWESTERN,RENT,BLUE,40,3500,,,1,BLUE SYMBOL,,AVAILABLE
INDOWESTERN-761[38],,INDOWESTERN,RENT,WHITE,38,3500,,,1,WHITE SYMBOL,,AVAILABLE
INDOWESTERN-764[38],,INDOWESTERN,RENT,GULABI,38,3500,,,1,GULABI SYMBOL,,AVAILABLE
INDOWESTERN-765[36],,INDOWESTERN,RENT,GULABI,36,3500,,,1,GULABI SYMBOL,,AVAILABLE
SERVANI-766[34],,SERVANI,RENT,WHITE,34,4500,,,1,WHITE GULABI LAKHANAVI,,AVAILABLE
INDOWESTERN-767[38],,INDOWESTERN,RENT,GULABI,38,5000,,,1,GULABI KOTTI PATERN,,AVAILABLE
INDOWESTERN-768[36],,INDOWESTERN,RENT,WHITE,36,3500,,,1,WHITE SYMBOL,,AVAILABLE
INDOWESTERN-779[38],,INDOWESTERN,RENT,BLUE,38,3500,,,1,BLUE SYMBOL,,AVAILABLE
SERVANI-775[34],,SERVANI,RENT,WHITE,34,4500,,,1,WHITE GULABI AMRODARY,,AVAILABLE
INDOWESTERN-776[36],,INDOWESTERN,RENT,BLUE,36,3500,,,1,BLUE KOTTI AMRODARY,,AVAILABLE
SERVANI-778[36],,SERVANI,RENT,WHITE,36,4500,,,1,WHITE GULABI TACHAP,,AVAILABLE
SERVANI-779[36],,SERVANI,RENT,WHITE,36,4500,,,1,OFF WHITE GULABI,,AVAILABLE
INDOWESTERN-780[40],,INDOWESTERN,RENT,WHITE,40,3500,,,1,WHITE SYMBOL,,AVAILABLE
SERVANI-783[38],,SERVANI,RENT,WHITE,38,4500,,,1,WHITE GULABI LAKHANAVI,,AVAILABLE
INDOWESTERN-784[36],,INDOWESTERN,RENT,PURPLE,36,3500,,,1,PURPLE KOTTI PATERN,,AVAILABLE
SERVANI-785[34],,SERVANI,RENT,PICH,34,4500,,,1,GULABI ZORZATT,,AVAILABLE
INDOWESTERN-790[36],,INDOWESTERN,RENT,MARUN,36,3500,,,1,MARUN KOTTI PATERN,,AVAILABLE
INDOWESTERN-792[36],,INDOWESTERN,RENT,MARUN,36,3500,,,1,MARUN KOTTI PATERN,,AVAILABLE
INDOWESTERN-794[40],,INDOWESTERN,RENT,PURPLE,40,3500,,,1,PURPLE KOTTI PATERN,,AVAILABLE
INDOWESTERN-798[38],,INDOWESTERN,RENT,MARUN,38,3500,,,1,MARUN KOTTI PATERN,,AVAILABLE
SERVANI-805[40],,SERVANI,RENT,CREAM,40,4500,,,1,CREAM GULABI AMRODARY,,AVAILABLE
INDOWESTERN-808[32],,INDOWESTERN,RENT,WHITE,32,5000,,,1,WHITE KOTTI PATERN,,AVAILABLE
SERVANI-809[38],,SERVANI,RENT,WHITE,38,4500,,,1,WHITE GULABI TACHAP,,AVAILABLE
INDOWESTERN-810[34],,INDOWESTERN,RENT,WHITE,34,4000,,,1,WHITE GULABI KOTTI,,AVAILABLE
INDOWESTERN-812[32],,INDOWESTERN,RENT,GULABI,32,3500,,,1,GULABI SYMBOL,,AVAILABLE
INDOWESTERN-816[46],,INDOWESTERN,RENT,MARUN,46,3500,,,1,MARUN SYMBOL,,AVAILABLE
SERVANI-817[34],,SERVANI,RENT,WHITE,34,4500,,,1,COFFEE WHITE MARUN ,,AVAILABLE
INDOWESTERN-818[34],,INDOWESTERN,RENT,BLUE,34,3500,,,1,BLUE AMRODARY KOTTI PATERN,,AVAILABLE
SERVANI-819[38],,SERVANI,RENT,PICH,38,10000,,,1,GULABI KASHAB WORK,,AVAILABLE
SERVANI-821[36],,SERVANI,RENT,RANI ,36,4500,,,1,RANI GULABI TACHAP,,AVAILABLE
INDOWESTERN-822[34],,INDOWESTERN,RENT,MOR-PICH,34,3500,,,1,MOR-PICH KOTTI,,AVAILABLE
SERVANI-824[42],,SERVANI,RENT,CREAM,42,4500,,,1,CREAM PICH FULVALI,,AVAILABLE
INDOWESTERN-825[40],,INDOWESTERN,RENT,WHITE,40,3500,,,1,WHITE KOTTI PATERN,,AVAILABLE
INDOWESTERN-826[38],,INDOWESTERN,RENT,BLUE,38,3500,,,1,BLUE KOTTI AMRODARY,,AVAILABLE
INDOWESTERN-833[46],,INDOWESTERN,RENT,MARUN,46,3500,,,1,MARUN SYMBOL,,AVAILABLE
INDOWESTERN-834[34],,INDOWESTERN,RENT,PISTA,34,3500,,,1,PISTA SYMBOL,,AVAILABLE
SERVANI-835[40],,SERVANI,RENT,PICH,40,5000,,,1,PICH AMRODARY TACHAP,,AVAILABLE
SERVANI-838[38],,SERVANI,RENT,WHITE,38,4500,,,1,WHITE GULABI LAKHANAVI,,AVAILABLE
SERVANI-839[38],,SERVANI,RENT,PICH,38,4500,,,1,PICH ZORZATT,,AVAILABLE
INDOWESTERN-840[38],,INDOWESTERN,RENT,PISTA,38,3500,,,1,PISTA SYMBOL,,AVAILABLE
INDOWESTERN-841[40],,INDOWESTERN,RENT,PISTA,40,3500,,,1,PISTA AMRODARY,,AVAILABLE
INDOWESTERN-843[36],,INDOWESTERN,RENT,PISTA,36,3500,,,1,PISTA SYMBOL,,AVAILABLE
SERVANI-844[34],,SERVANI,RENT,PICH,34,4500,,,1,PICH CREAM AMRODARY,,AVAILABLE
SERVANI-845[40],,SERVANI,RENT,WHITE,40,4500,,,1,WHITE PICH FUL VALU,,AVAILABLE
SERVANI-847[34],,SERVANI,RENT,PICH,34,4500,,,1,WHITE PICH AMRODARY,,AVAILABLE
SERVANI-852[38],,SERVANI,RENT,PICH,38,4500,,,1,CREAM PICH FULVALI,,AVAILABLE
INDOWESTERN-854[38],,INDOWESTERN,RENT,GULABI,38,3500,,,1,GULABI SYMBOL,,AVAILABLE
SERVANI-855[40],,SERVANI,RENT,MULTY,40,5000,,,1,MONOPOLY,,AVAILABLE
SERVANI-856[34],,SERVANI,RENT,MULTY,34,5000,,,1,MONOPOLY,,AVAILABLE
SERVANI-858[36],,SERVANI,RENT,PICH,36,5000,,,1,MONOPOLY,,AVAILABLE
INDOWESTERN-860[46],,INDOWESTERN,RENT,WHITE,46,3500,,,1,WHITE SYMBOL,,AVAILABLE
SERVANI-861[32],,SERVANI,RENT,MULTY,32,5000,,,1,MONOPOLY,,AVAILABLE
SERVANI-863[38],,SERVANI,RENT,MULTY,38,5000,,,1,MONOPOLY,,AVAILABLE
SERVANI-864[40],,SERVANI,RENT,MULTY,40,5000,,,1,MONOPOLY,,AVAILABLE
SERVANI-866[34],,SERVANI,RENT,MULTY,34,5000,,,1,MONOPOLY,,AVAILABLE
SERVANI-867[38],,SERVANI,RENT,MULTY,38,5000,,,1,MONOPOLY,,AVAILABLE
INDOWESTERN-869[40],,INDOWESTERN,RENT,PISTA,40,3500,,,1,PISTA SYMBOL,,AVAILABLE
SERVANI-870[34],,SERVANI,RENT,MULTY,34,5000,,,1,MONOPOLY,,AVAILABLE
SERVANI-873[30],,SERVANI,RENT,MULTY,30,5000,,,1,MONOPOLY,,AVAILABLE
SERVANI-874[32],,SERVANI,RENT,MULTY,32,5000,,,1,MONOPOLY,,AVAILABLE
SERVANI-875[42],,SERVANI,RENT,MULTY,42,5000,,,1,MONOPOLY,,AVAILABLE
SERVANI-876[40],,SERVANI,RENT,MULTY,40,5000,,,1,MONOPOLY,,AVAILABLE
SERVANI-878[32],,SERVANI,RENT,MULTY,32,5000,,,1,MONOPOLY,,AVAILABLE
SERVANI-880[36],,SERVANI,RENT,PICH,36,4500,,,1,PICH ZORZATT,,AVAILABLE
SERVANI-883[32],,SERVANI,RENT,MULTY,32,5000,,,1,MONOPOLY,,AVAILABLE
SERVANI-884[34],,SERVANI,RENT,MULTY,34,5000,,,1,MONOPOLY,,AVAILABLE
SERVANI-885[36],,SERVANI,RENT,PICH,36,4500,,,1,PICH GULABI,,AVAILABLE
INDOWESTERN-888[32],,INDOWESTERN,RENT,WHITE,32,5000,,,1,WHITE KOTTI PATERN,,AVAILABLE
SERVANI-889[36],,SERVANI,RENT,MULTY,36,5000,,,1,MONOPOLY,,AVAILABLE
SERVANI-890[40],,SERVANI,RENT,MULTY,40,5000,,,1,MONOPOLY,,AVAILABLE
INDOWESTERN-891[36],,INDOWESTERN,RENT,WHITE,36,5000,,,1,WHITE KOTTI PATERN,,AVAILABLE
INDOWESTERN-893[42],,INDOWESTERN,RENT,WHITE,42,5000,,,1,WHITE KOTTI PATERN,,AVAILABLE
INDOWESTERN-894[34],,INDOWESTERN,RENT,PURPLE,34,3500,,,1,PURPLE KOTTI PATERN,,AVAILABLE
INDOWESTERN-897[34],,INDOWESTERN,RENT,PISTA,34,3500,,,1,PISTA SYMBOL,,AVAILABLE
SERVANI-901[38],,SERVANI,RENT,MULTY,38,5000,,,1,MONOPOLY,,AVAILABLE
SERVANI-902[34],,SERVANI,RENT,WHITE,34,4500,,,1,WHITE GULABI LAKHANAVI,,AVAILABLE
INDOWESTERN-904[34],,INDOWESTERN,RENT,WHITE,34,5000,,,1,WHITE KOTTI PATERN,,AVAILABLE
SERVANI-905[34],,SERVANI,RENT,PICH,34,4500,,,1,PICH AMRODARY KERI DESIGN,,AVAILABLE
INDOWESTERN-906[36],,INDOWESTERN,RENT,BLUE,36,3500,,,1,BLUE KOTTI AMRODARY,,AVAILABLE
SERVANI-907[36],,SERVANI,RENT,MULTY,36,5000,,,1,MONOPOLY,,AVAILABLE
INDOWESTERN-909[38],,INDOWESTERN,RENT,PISTA,38,3500,,,1,PISTA SYMBOL,,AVAILABLE
INDOWESTERN-910[36],,INDOWESTERN,RENT,PICH,36,4000,,,1,CREAM PICH KOTTI PATTERN,,AVAILABLE
SERVANI-911[36],,SERVANI,RENT,WHITE,36,4500,,,1,WHITE MARUN TACHAP,,AVAILABLE
INDOWESTERN-912[36],,INDOWESTERN,RENT,PISTA,36,3500,,,1,PISTA SYMBOL,,AVAILABLE
INDOWESTERN-913[34],,INDOWESTERN,RENT,GULABI,34,3500,,,1,GULABI SYMBOL,,AVAILABLE
INDOWESTERN-914[40],,INDOWESTERN,RENT,BLUE,40,3500,,,1,BLUE AMRODARY KOTTI PATERN,,AVAILABLE
SERVANI-915[40],,SERVANI,RENT,WHITE,40,4500,,,1,WHITE MARUN TACHAP,,AVAILABLE
SERVANI-916[44],,SERVANI,RENT,MULTY,44,5000,,,1,MONOPOLY,,AVAILABLE
INDOWESTERN-917[32],,INDOWESTERN,RENT,PICH,32,4000,,,1,CREAM PICH KOTTI PATTERN,,AVAILABLE
SERVANI-918[34],,SERVANI,RENT,MULTY,34,5000,,,1,MONOPOLY,,AVAILABLE
SERVANI-919[34],,SERVANI,RENT,MULTY,34,5000,,,1,MONOPOLY,,AVAILABLE
SERVANI-920[38],,SERVANI,RENT,WHITE,38,4500,,,1,WHITE MARUN LAKHANAVI,,AVAILABLE
INDOWESTERN-921[38],,INDOWESTERN,RENT,PICH,38,4000,,,1,GULABI PICH KOTTI PATTERN,,AVAILABLE
SERVANI-922[40],,SERVANI,RENT,WHITE,40,4500,,,1,WHITE MARUN TACHAP,,AVAILABLE
SERVANI-923[42],,SERVANI,RENT,WHITE,42,4500,,,1,WHITE MARUN TACHAP,,AVAILABLE
SERVANI-925[36],,SERVANI,RENT,WHITE,36,4500,,,1,WHITE MARUN TACHAP,,AVAILABLE
INDOWESTERN-928[40],,INDOWESTERN,RENT,PICH,40,4000,,,1,CREAM PICH KOTTI PATTERN,,AVAILABLE
SERVANI-929[34],,SERVANI,RENT,MULTY,34,5000,,,1,MONOPOLY,,AVAILABLE
SERVANI-931[36],,SERVANI,RENT,PICH,36,4500,,,1,PICH AMRODARY,,AVAILABLE
INDOWESTERN-932[34],,INDOWESTERN,RENT,MARUN,34,3500,,,1,MARUN KOTTI PATERN,,AVAILABLE
INDOWESTERN-937[40],,INDOWESTERN,RENT,WHITE,40,5000,,,1,WHITE KOTTI PATERN,,AVAILABLE
SERVANI-938[36],,SERVANI,RENT,MULTY,36,5000,,,1,MONOPOLY,,AVAILABLE
SERVANI-940[34],,SERVANI,RENT,MULTY,34,5000,,,1,MONOPOLY,,AVAILABLE
SERVANI-941[42],,SERVANI,RENT,MULTY,42,5000,,,1,MONOPOLY,,AVAILABLE
SERVANI-944[36],,SERVANI,RENT,MULTY,36,5000,,,1,MONOPOLY,,AVAILABLE
INDOWESTERN-945[34],,INDOWESTERN,RENT,WHITE,34,5000,,,1,WHITE KOTTI PATERN,,AVAILABLE
SERVANI-947[38],,SERVANI,RENT,WHITE,38,4500,,,1,WHITE MARUN LAKHANAVI,,AVAILABLE
SERVANI-949[34],,SERVANI,RENT,WHITE,34,4500,,,1,WHITE MARUN LAKHANAVI,,AVAILABLE
SERVANI-951[38],,SERVANI,RENT,WHITE,38,4500,,,1,WHITE MARUN LAKHANAVI,,AVAILABLE
SERVANI-952[32],,SERVANI,RENT,MULTY,32,5000,,,1,MONOPOLY,,AVAILABLE
INDOWESTERN-955[36],,INDOWESTERN,RENT,BLUE,36,3500,,,1,DARK BLUE AMRODARY KOTTI PATTERN,,AVAILABLE
SERVANI-956[36],,SERVANI,RENT,WHITE,36,4500,,,1,WHITE GULABI TACHAP,,AVAILABLE
INDOWESTERN-957[36],,INDOWESTERN,RENT,WHITE,36,5000,,,1,WHITE KOTTI PATERN,,AVAILABLE
INDOWESTERN-958[34],,INDOWESTERN,RENT,PURPLE,34,3500,,,1,PURPLE KOTTI PATERN,,AVAILABLE
INDOWESTERN-959[38],,INDOWESTERN,RENT,PURPLE,38,3500,,,1,PURPLE KOTTI PATERN,,AVAILABLE
INDOWESTERN-960[32],,INDOWESTERN,RENT,PURPLE,32,3500,,,1,PURPLE KOTTI PATERN,,AVAILABLE
SERVANI-962[36],,SERVANI,RENT,CREAM-PICH,36,5000,,,1,CREAM PICH AMRODARY,,AVAILABLE
INDOWESTERN-963[36],,INDOWESTERN,RENT,BLUE,36,3500,,,1,BLUE AMRODARY KOTTI PATERN,,AVAILABLE
INDOWESTERN-964[38],,INDOWESTERN,RENT,WHITE,38,5000,,,1,WHITE KOTTI PATERN,,AVAILABLE
INDOWESTERN-965[34],,INDOWESTERN,RENT,GULABI,34,3500,,,1,GULABI SYMBOL,,AVAILABLE
SERVANI-966[36],,SERVANI,RENT,WHITE,36,4500,,,1,WHITE MARUN TACHAP,,AVAILABLE
INDOWESTERN-967[32],,INDOWESTERN,RENT,PURPLE,32,3500,,,1,PURPLE KOTTI PATERN,,AVAILABLE
INDOWESTERN-968[38],,INDOWESTERN,RENT,WHITE,38,5000,,,1,WHITE KOTTI PATERN,,AVAILABLE
SERVANI-969[44],,SERVANI,RENT,MULTY,44,5000,,,1,MONOPOLY,,AVAILABLE
INDOWESTERN-973[40],,INDOWESTERN,RENT,PURPLE,40,3500,,,1,PURPLE KOTTI PATERN,,AVAILABLE
SERVANI-974[36],,SERVANI,RENT,MULTY,36,5000,,,1,MONOPOLY,,AVAILABLE
INDOWESTERN-975[36],,INDOWESTERN,RENT,GULABI,36,5000,,,1,GULABI KOTTI PATERN,,AVAILABLE
INDOWESTERN-977[38],,INDOWESTERN,RENT,MARUN,38,3500,,,1,MARUN KOTTI PATERN,,AVAILABLE
INDOWESTERN-979[34],,INDOWESTERN,RENT,MARUN,34,3500,,,1,MARUN KOTTI PATERN,,AVAILABLE
INDOWESTERN-981[42],,INDOWESTERN,RENT,PURPLE,42,3500,,,1,PURPLE KOTTI PATERN,,AVAILABLE
INDOWESTERN-982[36],,INDOWESTERN,RENT,PURPLE,36,3500,,,1,PURPLE KOTTI PATERN,,AVAILABLE
INDOWESTERN-984[40],,INDOWESTERN,RENT,BLUE,40,3500,,,1,BLUE SYMBOL,,AVAILABLE
SERVANI-986[42],,SERVANI,RENT,WHITE,42,4500,,,1,WHITE GULABI LAKHANAVI,,AVAILABLE
INDOWESTERN-987[42],,INDOWESTERN,RENT,PURPLE,42,3500,,,1,PURPLE KOTTI PATERN,,AVAILABLE
INDOWESTERN-989[36],,INDOWESTERN,RENT,WHITE,36,3500,,,1,WHITE AMRODARY,,AVAILABLE
SERVANI-990[38],,SERVANI,RENT,PICH,38,4500,,,1,PICH AMRODARY,,AVAILABLE
INDOWESTERN-991[42],,INDOWESTERN,RENT,WHITE,42,5000,,,1,WHITE KOTTI PATERN,,AVAILABLE
INDOWESTERN-992[32],,INDOWESTERN,RENT,GREEN,32,3500,,,1,DARK GREEN AMRODARY KOTTI,,AVAILABLE
INDOWESTERN-993[34],,INDOWESTERN,RENT,PURPLE,34,3500,,,1,PURPLE KOTTI PATERN,,AVAILABLE
INDOWESTERN-994[40],,INDOWESTERN,RENT,GULABI,40,5000,,,1,GULABI KOTTI PATERN,,AVAILABLE
SERVANI-995[40],,SERVANI,RENT,PICH,40,4500,,,1,PICH AMRODARY,,AVAILABLE
SERVANI-996[38],,SERVANI,RENT,RANI ,38,5000,,,1,RANI BELT VALI,,AVAILABLE
INDOWESTERN-997[36],,INDOWESTERN,RENT,PISTA,36,3500,,,1,PISTA KOTTI PATTERN ,,AVAILABLE
INDOWESTERN-998[38],,INDOWESTERN,RENT,BLUE,38,3500,,,1,BLUE KOTTI AMRODARY,,AVAILABLE
SERVANI-999[34],,SERVANI,RENT,WHITE,34,4500,,,1,WHITE PICH LAKHANAVI,,AVAILABLE
SERVANI-1000[38],,SERVANI,RENT,PICH,38,4500,,,1,CREAM PICH AMRODARY,,AVAILABLE
SERVANI-1001[36],,SERVANI,RENT,PICH,36,4500,,,1,CREAM PICH AMRODARY,,AVAILABLE
SERVANI-1002[38],,SERVANI,RENT,WHITE,38,4500,,,1,WHITE PICH LAKHANAVI,,AVAILABLE
SERVANI-1003[34],,SERVANI,RENT,WHITE,34,4500,,,1,WHITE PICH LAKHANAVI,,AVAILABLE
SERVANI-1004[36],,SERVANI,RENT,MARUN,36,5000,,,1,CREAM MARUN DULHA DULHAN BELTVALI,,AVAILABLE
SERVANI-1005[40],,SERVANI,RENT,PICH,40,4500,,,1,WHITE PICH LAKHANAVI,,AVAILABLE
INDOWESTERN-1006[42],,INDOWESTERN,RENT,GULABI,42,5000,,,1,GULABI HARAN UNT,,AVAILABLE
INDOWESTERN-1009[36],,INDOWESTERN,RENT,GULABI,36,5000,,,1,GULABI HARAN UNT,,AVAILABLE
INDOWESTERN-1010[36],,INDOWESTERN,RENT,COFEE,36,3500,,,1,COFFEE KOTTI PATERN,,AVAILABLE
INDOWESTERN-1011[40],,INDOWESTERN,RENT,GULABI,40,5000,,,1,GULABI HARAN UNT,,AVAILABLE
INDOWESTERN-1012[38],,INDOWESTERN,RENT,GULABI,38,5000,,,1,GULABI HARAN UNT,,AVAILABLE
SERVANI-1013[38],,SERVANI,RENT,WHITE,38,5000,,,1,WHITE GULABI HATHI,,AVAILABLE
INDOWESTERN-1014[36],,INDOWESTERN,RENT,PURPLE,36,3500,,,1,PURPLE KOTTI PATERN,,AVAILABLE
SERVANI-1015[42],,SERVANI,RENT,WHITE,42,4500,,,1,WHITE PICH LAKHANAVI,,AVAILABLE
INDOWESTERN-1016[36],,INDOWESTERN,RENT,BLUE,36,3500,,,1,BLUE KOTTI AMRODARY,,AVAILABLE
INDOWESTERN-1017[34],,INDOWESTERN,RENT,GULABI,34,5000,,,1,GULABI HARAN UNT,,AVAILABLE
SERVANI-1018[34],,SERVANI,RENT,RANI ,34,4500,,,1,RANI GULABI FULVALI,,AVAILABLE
SERVANI-1019[34],,SERVANI,RENT,WHITE,34,5000,,,1,WHITE HATHI BELTVALI,,AVAILABLE
INDOWESTERN-1020[34],,INDOWESTERN,RENT,PISTA,34,3500,,,1,PISTA KOTTI PATTERN ,,AVAILABLE
INDOWESTERN-1021[36],,INDOWESTERN,RENT,PURPLE,36,3500,,,1,PURPLE KOTTI PATERN,,AVAILABLE
SERVANI-1022[40],,SERVANI,RENT,WHITE,40,5000,,,1,WHITE DULHA DULHAN BELT VALI,,AVAILABLE
SERVANI-1023[40],,SERVANI,RENT,WHITE,40,5000,,,1,HATHI JANVALI,,AVAILABLE
INDOWESTERN-1024[36],,INDOWESTERN,RENT,BLUE,36,3500,,,1,BLUE KOTTI AMRODARY,,AVAILABLE
SERVANI-1025[34],,SERVANI,RENT,PICH,34,4500,,,1,WHITE PICH AMRODARY,,AVAILABLE
INDOWESTERN-1026[40],,INDOWESTERN,RENT,BLUE,40,3500,,,1,BLUE AMRODARY KOTTI PATERN,,AVAILABLE
INDOWESTERN-1027[36],,INDOWESTERN,RENT,PURPLE,36,3500,,,1,PURPLE KOTTI PATERN,,AVAILABLE
INDOWESTERN-1028[36],,INDOWESTERN,RENT,PURPLE,36,3500,,,1,PURPLE KOTTI PATERN,,AVAILABLE
SERVANI-1030[42],,SERVANI,RENT,PICH,42,4500,,,1,PICH AMRODARY KERI DESIGN,,AVAILABLE
INDOWESTERN-1031[40],,INDOWESTERN,RENT,BLUE,40,4000,,,1,BLUE KOTTI AMRODARY,,AVAILABLE
SERVANI-1032[36],,SERVANI,RENT,WHITE,36,4500,,,1,WHITE PICH AMRODARY,,AVAILABLE
SERVANI-1033[38],,SERVANI,RENT,PICH,38,4500,,,1,CREAM PICH AMRODARY,,AVAILABLE
SERVANI-1034[34],,SERVANI,RENT,MULTY,34,5000,,,1,MULTY PICH AMRODARY,,AVAILABLE
SERVANI-1035[36],,SERVANI,RENT,GULABI,36,5000,,,1,CREAM GULABI PISTA AMRODARY,,AVAILABLE
INDOWESTERN-1036[32],,INDOWESTERN,RENT,MOR-PICH,32,3500,,,1,MOR-PICH KOTTI,,AVAILABLE
SERVANI-1037[32],,SERVANI,RENT,PICH,32,4500,,,1,PICH KERI DESIGN,,AVAILABLE
SERVANI-1039[34],,SERVANI,RENT,WHITE,34,4500,,,1,WHITE PICH AMRODARY,,AVAILABLE
SERVANI-1040[34],,SERVANI,RENT,MULTY,34,5000,,,1,MULTY PICH AMRODARY,,AVAILABLE
INDOWESTERN-1041[32],,INDOWESTERN,RENT,PISTA,32,3500,,,1,PISTA SYMBOL,,AVAILABLE
SERVANI-1042[36],,SERVANI,RENT,PICH,36,4500,,,1,WHITE PICH AMRODARY,,AVAILABLE
SERVANI-1043[36],,SERVANI,RENT,GULABI,36,5000,,,1,GULABI DULHA DULHAN BELTVALI,,AVAILABLE
INDOWESTERN-1044[36],,INDOWESTERN,RENT,MOR-PICH,36,3500,,,1,MOR-PICH KOTTI,,AVAILABLE
INDOWESTERN-1045[38],,INDOWESTERN,RENT,MARUN,38,3500,,,1,MARUN KOTTI PATERN,,AVAILABLE
INDOWESTERN-1046[36],,INDOWESTERN,RENT,MARUN,36,3500,,,1,MARUN KOTTI PATERN[JABHA VALU],,AVAILABLE
INDOWESTERN-1047[34],,INDOWESTERN,RENT,MARUN,34,3500,,,1,MARUN KOTTI PATTERN,,AVAILABLE
SERVANI-1048[36],,SERVANI,RENT,WHITE,36,4500,,,1,WHITE MARUN FULVALU,,AVAILABLE
INDOWESTERN-1050[34],,INDOWESTERN,RENT,GULABI,34,5000,,,1,GULABI KOTTI PATERN,,AVAILABLE
INDOWESTERN-1051[36],,INDOWESTERN,RENT,MARUN,36,3500,,,1,MARUN KOTTI AMRODARY,,AVAILABLE
INDOWESTERN-1054[38],,INDOWESTERN,RENT,MOR-PICH,38,3500,,,1,MOR-PICH KOTTI,,AVAILABLE
INDOWESTERN-1055[36],,INDOWESTERN,RENT,PISTA,36,5000,,,1,PISTA HARAN UNT,,AVAILABLE
INDOWESTERN-1056[34],,INDOWESTERN,RENT,GULABI,34,5000,,,1,GULABI HARAN UNT,,AVAILABLE
SERVANI-1057[34],,SERVANI,RENT,PICH,34,5000,,,1,CREAM PICH MULTY COLOUR,,AVAILABLE
INDOWESTERN-1058[36],,INDOWESTERN,RENT,PISTA,36,5000,,,1,PISTA HARAN UNT,,AVAILABLE
SERVANI-1059[36],,SERVANI,RENT,MULTY,36,5000,,,1,MULTY PICH AMRODARY,,AVAILABLE
INDOWESTERN-1060[34],,INDOWESTERN,RENT,PISTA,34,5000,,,1,PISTA HARAN UNT,,AVAILABLE
INDOWESTERN-1061[38],,INDOWESTERN,RENT,PISTA ,38,3500,,,1,PISTA KOTTI PATTERN ,,AVAILABLE
INDOWESTERN-1063[38],,INDOWESTERN,RENT,GULABI,38,5000,,,1,GULABI HARAN UNT,,AVAILABLE
INDOWESTERN-1064[38],,INDOWESTERN,RENT,PURPLE,38,3500,,,1,PURPLE KOTTI PATERN,,AVAILABLE
INDOWESTERN-1065[34],,INDOWESTERN,RENT,MOR-PICH,34,3500,,,1,MOR-PICH KOTTI,,AVAILABLE
INDOWESTERN-1066[38],,INDOWESTERN,RENT,PISTA ,38,5000,,,1,PISTA HARAN UNT,,AVAILABLE
SERVANI-10667[36],,SERVANI,RENT,MULTY,36,5000,,,1,MULTY PICH AMRODARY,,AVAILABLE
INDOWESTERN-1068[38],,INDOWESTERN,RENT,GULABI,38,5000,,,1,GULABI HARAN UNT,,AVAILABLE
SERVANI-1069[36],,SERVANI,RENT,MARUN,36,5000,,,1,MARUN UNT AMRODARY,,AVAILABLE
SERVANI-1070[34],,SERVANI,RENT,WHITE,34,5000,,,1,WHITE DULHA DULHAN BELT VALI,,AVAILABLE
INDOWESTERN-1071[34],,INDOWESTERN,RENT,GULABI,34,5000,,,1,GULABI KOTTI PATERN,,AVAILABLE
SERVANI-1072[38],,SERVANI,RENT,PICH ,38,5000,,,1,PICH CREAM AMRODARY,,AVAILABLE
INDOWESTERN-1073[36],,INDOWESTERN,RENT,PURPLE,36,3500,,,1,PURPLE KOTTI PATERN[JABHHA PATERN],,AVAILABLE
SERVANI-10744[44],,SERVANI,RENT,MULTY,44,5000,,,1,MONOPOLY,,AVAILABLE
INDOWESTERN-1075[44],,INDOWESTERN,RENT,GULABI,44,5000,,,1,GULABI HARAN UNT,,AVAILABLE
SERVANI-1076[34],,SERVANI,RENT,PICH,34,4500,,,1,WHITE PICH PISTA AMRODARY,,AVAILABLE
INDOWESTERN-1077[40],,INDOWESTERN,RENT,GULABI,40,5000,,,1,GULABI HARAN UNT,,AVAILABLE
INDOWESTERN-1078[42],,INDOWESTERN,RENT,PISTA ,42,5000,,,1,PISTA HARAN UNT,,AVAILABLE
INDOWESTERN-1079[36],,INDOWESTERN,RENT,GULABI,36,5000,,,1,GULABI HARAN UNT,,AVAILABLE
SERVANI-1080[32],,SERVANI,RENT,MULTY,32,5000,,,1,MULTY PICH AMRODARY,,AVAILABLE
INDOWESTERN-1081[38],,INDOWESTERN,RENT,PICH,38,4000,,,1,LIGHT PICH KOTTI,,AVAILABLE
SERVANI-1083[42],,SERVANI,RENT,MULTY,42,5000,,,1,PICH MULTY COLOUR,,AVAILABLE
SERVANI-1084[38],,SERVANI,RENT,MULTY,38,5000,,,1,PICH MULTY COLOUR,,AVAILABLE
INDOWESTERN-1085[38],,INDOWESTERN,RENT,PICH,38,4000,,,1,PICH AMRODARY KOTTI,,AVAILABLE
INDOWESTERN-1086[34],,INDOWESTERN,RENT,PURPLE,34,3500,,,1,PURPLE KOTTI PATERN,,AVAILABLE
SERVANI-1087[34],,SERVANI,RENT,PICH,34,4500,,,1,WHITE PICH PISTA STAR VALU,,AVAILABLE
SERVANI-1088[34],,SERVANI,RENT,MULTY,34,5000,,,1,MULTY PICH AMRODARY,,AVAILABLE
INDOWESTERN-1089[34],,INDOWESTERN,RENT,PICH,34,4000,,,1,LIGHT PICH KOTTI,,AVAILABLE
INDOWESTERN-1090[34],,INDOWESTERN,RENT,PURPLE,34,3500,,,1,PURPLE KOTTI  PATERN,,AVAILABLE
INDOWESTERN-1091[36],,INDOWESTERN,RENT,PURPLE,36,3500,,,1,PURPLE KOTTI PATERN,,AVAILABLE
INDOWESTERN-1092[32],,INDOWESTERN,RENT,GULABI,32,5000,,,1,GULABI HARAN UNT,,AVAILABLE
SERVANI-1093[42],,SERVANI,RENT,WHITE,42,5000,,,1,WHITE GULABI DULHA DULHAN BELT VALI,,AVAILABLE
INDOWESTERN-1094[42],,INDOWESTERN,RENT,PURPLE,42,3500,,,1,PURPLE KOTTI PATERN,,AVAILABLE
INDOWESTERN-1095[36],,INDOWESTERN,RENT,PICH,36,4000,,,1,CREAM PICH KOTTI PATTERN,,AVAILABLE
INDOWESTERN-1096[38],,INDOWESTERN,RENT,WHITE,38,3500,,,1,WHITE ROUND KOTTI PATERN,,AVAILABLE
SERVANI-1097[32],,SERVANI,RENT,MULTY,32,5000,,,1,MULTY PICH AMRODARY,,AVAILABLE
INDOWESTERN-1098[38],,INDOWESTERN,RENT,PURPLE,38,3500,,,1,PURPLE KOTTI PATERN,,AVAILABLE
SERVANI-1099[34],,SERVANI,RENT,PICH,34,5000,,,1,WHITE PICH DIAMOND TACHAP,,AVAILABLE
INDOWESTERN-1100[32],,INDOWESTERN,RENT,PURPLE,32,3500,,,1,PURPLE KOTTI PATERN,,AVAILABLE
INDOWESTERN-1101[34],,INDOWESTERN,RENT,MULTY,34,3500,,,1,MULTY KOTTIAMRODARY,,AVAILABLE
INDOWESTERN-1102[34],,INDOWESTERN,RENT,WHITE,34,4000,,,1,WHITE KOTTI PATERN,,AVAILABLE
SERVANI-1103[34],,SERVANI,RENT,CREAM,34,5000,,,1,CREAM HATHI WORK TACHAP BELT,,AVAILABLE
SERVANI-1104[36],,SERVANI,RENT,WHITE,36,4500,,,1,WHITE PICH LAKHANAVI,,AVAILABLE
INDOWESTERN-1105[36],,INDOWESTERN,RENT,PURPLE,36,3500,,,1,PURPLE KOTTI PATERN,,AVAILABLE
SERVANI-1106[40],,SERVANI,RENT,WHITE,40,5000,,,1,WHITE GULABI BELT VALI,,AVAILABLE
INDOWESTERN-1107[38],,INDOWESTERN,RENT,BLUE,38,4000,,,1,BLUE AMRODARY KOTTI PATERN,,AVAILABLE
SERVANI-1108[38],,SERVANI,RENT,WHITE,38,5000,,,1,WHITE DULHA DULHAN BELT VALI,,AVAILABLE
INDOWESTERN-1109[36],,INDOWESTERN,RENT,PICH,36,4000,,,1,CREAM PICH KOTTI PATTERN,,AVAILABLE
INDOWESTERN-1111[42],,INDOWESTERN,RENT,MARUN,42,3500,,,1,MARUN SYMBOL,,AVAILABLE
SERVANI-1112[36],,SERVANI,RENT,WHITE,36,5000,,,1,WHITE DULHA DULHAN BELT VALI,,AVAILABLE
SERVANI-1113[32],,SERVANI,RENT,MULTY,32,5000,,,1,MONOPOLY,,AVAILABLE
SERVANI-1114[40],,SERVANI,RENT,WHITE,40,5000,,,1,WHITE GULABI DULHA DULHAN BELT VALI,,AVAILABLE
SERVANI-1115[38],,SERVANI,RENT,WHITE,38,5000,,,1,MARUN AMRODARY LAKHANVI,,AVAILABLE
INDOWESTERN-1117[34],,INDOWESTERN,RENT,PICH,34,4000,,,1,CREAM PICH AMRODARY KOTTI PATERN,,AVAILABLE
INDOWESTERN-1118[36],,INDOWESTERN,RENT,PURPLE,36,3500,,,1,PURPLE KOTTI PATERN,,AVAILABLE
INDOWESTERN-1119[34],,INDOWESTERN,RENT,PURPLE,34,3500,,,1,PURPLE KOTTI PATERN,,AVAILABLE
SERVANI-1120[42],,SERVANI,RENT,GULABI,42,5000,,,1,GULABI CREAM HATHI TACHAP,,AVAILABLE
INDOWESTERN-1121[44],,INDOWESTERN,RENT,PISTA,44,5000,,,1,PISTA HARAN UNT,,AVAILABLE
INDOWESTERN-1122[40],,INDOWESTERN,RENT,WHITE,40,4000,,,1,WHITE CHOKDAVALI KOTTI,,AVAILABLE
INDOWESTERN-1123[38],,INDOWESTERN,RENT,WHITE,38,4000,,,1,WHITE CHOKDAVALI KOTTI,,AVAILABLE
INDOWESTERN-1124[32],,INDOWESTERN,RENT,PISTA ,32,5000,,,1,PISTA HARAN UNT,,AVAILABLE
INDOWESTERN-1125[38],,INDOWESTERN,RENT,PURPLE,38,3500,,,1,PURPLE KOTTI PATERN,,AVAILABLE
INDOWESTERN-1126[40],,INDOWESTERN,RENT,GULABI,40,5000,,,1,GULABI HARAN UNT,,AVAILABLE
SERVANI-1128[42],,SERVANI,RENT,WHITE,42,5000,,,1,WHITE HATHI JANVALI,,AVAILABLE
INDOWESTERN-1129[42],,INDOWESTERN,RENT,WHITE,42,4000,,,1,WHITE CHOKDAVALI KOTTI,,AVAILABLE
INDOWESTERN-1130[36],,INDOWESTERN,RENT,WHITE,36,4000,,,1,WHITE CHOKDAVALI KOTTI,,AVAILABLE
INDOWESTERN-1132[34],,INDOWESTERN,RENT,PISTA,34,5000,,,1,PISTA HARAN UNT,,AVAILABLE
INDOWESTERN-1133[40],,INDOWESTERN,RENT,PURPLE,40,3500,,,1,PURPLE KOTTI PATERN,,AVAILABLE
INDOWESTERN-1134[36],,INDOWESTERN,RENT,PURPLE,34,3500,,,1,PURPLE KOTTI PATERN,,AVAILABLE
SERVANI-1136[38],,SERVANI,RENT,PICH,38,5000,,,1,WHITE PICH PISTA STAR VALU,,AVAILABLE
SERVANI-1137[38],,SERVANI,RENT,WHITE,38,5000,,,1,WHITE MARUN DULHA DULHAN BELT VALI,,AVAILABLE
INDOWESTERN-1138[36],,INDOWESTERN,RENT,BLUE,36,3500,,,1,BLUE AMRODARY KOTTI PATERN,,AVAILABLE
SERVANI-1139[34],,SERVANI,RENT,PICH,34,4500,,,1,WHITE PICH DAMAN LAKHANVI,,AVAILABLE
SERVANI-1140[32],,SERVANI,RENT,PICH,32,4500,,,1,WHITE PICH AMRODARY,,AVAILABLE
INDOWESTERN-1141[34],,INDOWESTERN,RENT,PURPLE,34,3500,,,1,PURPLE KOTTI PATERN,,AVAILABLE
INDOWESTERN-1142[32],,INDOWESTERN,RENT,PURPLE,32,3500,,,1,PURPLE KOTTI PATERN,,AVAILABLE
SERVANI-1143[36],,SERVANI,RENT,PICH,36,4500,,,1,WHITE PICH PISTA STAR VALU,,AVAILABLE
SERVANI-1144[40],,SERVANI,RENT,MULTY,40,5000,,,1,MONOPOLY,,AVAILABLE
INDOWESTERN-1145[40],,INDOWESTERN,RENT,PURPLE,40,3500,,,1,PURLPLE AMRODARY KOTTI,,AVAILABLE
SERVANI-1146[38],,SERVANI,RENT,CREAM,38,5000,,,1,CREAM HATHI HANWORK,,AVAILABLE
INDOWESTERN-1147[42],,INDOWESTERN,RENT,PURPLE,42,3500,,,1,PURPLE KOTTI PATERN,,AVAILABLE
INDOWESTERN-1148[36],,INDOWESTERN,RENT,BLUE,36,3500,,,1,BLUE AMRODARY KOTTI PATERN,,AVAILABLE
SERVANI-1149[40],,SERVANI,RENT,MULTY,40,5000,,,1,MULTY AMRODARY,,AVAILABLE
SERVANI-1151[38],,SERVANI,RENT,WHITE,38,5000,,,1,OFF WHITE PICH PISTA,,AVAILABLE
INDOWESTERN-1152[38],,INDOWESTERN,RENT,WHITE,38,5000,,,1,WHITE KOTTI PATERN,,AVAILABLE
INDOWESTERN-1153[32],,INDOWESTERN,RENT,WHITE,32,3500,,,1,CHOKDA VALI MULTY KOTTI,,AVAILABLE
SERVANI-1154[36],,SERVANI,RENT,WHITE,36,7000,,,1,DOUBLE KOTTI PATERN BELTVALI,,AVAILABLE
SERVANI-1155[38],,SERVANI,RENT,WHITE,38,5000,,,1,NARIYELI PATTERN,,AVAILABLE
SERVANI-1156[34],,SERVANI,RENT,CREAM,34,5000,,,1,CREAM PICH MORVALI,,AVAILABLE
INDOWESTERN-1157[40],,INDOWESTERN,RENT,PISTA ,40,5000,,,1,PISTA HARAN UNT,,AVAILABLE
INDOWESTERN-1158[32],,INDOWESTERN,RENT,MARUN,32,3500,,,1,MARUN SYMBOL,,AVAILABLE
SERVANI-1159[34],,SERVANI,RENT,CREAM,34,5000,,,1,CREAM MORVALI,,AVAILABLE
SERVANI-1160[40],,SERVANI,RENT,PICH,40,5000,,,1,PICH MORVALI,,AVAILABLE
SERVANI-1161[38],,SERVANI,RENT,PICH,38,5000,,,1,GULABI CREAM MORVALI,,AVAILABLE
SERVANI-1162[36],,SERVANI,RENT,PICH,36,5000,,,1,PICH GREEN AMRODARY,,AVAILABLE
SERVANI-1163[40],,SERVANI,RENT,PICH,40,5000,,,1,CREAM PICH WORK BELT VALI,,AVAILABLE
SERVANI-1164[38],,SERVANI,RENT,WHITE,38,5000,,,1,WHITE MOR VALI,,AVAILABLE
SERVANI-1165[34],,SERVANI,RENT,MULTY,34,5000,,,1,CREAM MULTY AMRODARY,,AVAILABLE
SERVANI-1166[40],,SERVANI,RENT,WHITE,40,5000,,,1,CREAM NARIYELI AMRODARY,,AVAILABLE
SERVANI-1167[36],,SERVANI,RENT,PICH,36,5000,,,1,CREAM PICH MOR AMRODARY,,AVAILABLE
SERVANI-1168[40],,SERVANI,RENT,WHITE,40,7000,,,1,DOUBLE KOTTI PATERN BELTVALI,,AVAILABLE
SERVANI-1169[34],,SERVANI,RENT,WHITE,34,5000,,,1,WHITE GULABI TACHAP,,AVAILABLE
SERVANI-1170[36],,SERVANI,RENT,CREAM,36,5000,,,1,CREAM MARUN AMRODARY,,AVAILABLE
INDOWESTERN-1171[34],,INDOWESTERN,RENT,BLUE,34,3500,,,1,BLUE AMRODARY KOTTI PATERN,,AVAILABLE
INDOWESTERN-1172[34],,INDOWESTERN,RENT,PURPLE,34,3500,,,1,PURPLE KOTTI PATERN,,AVAILABLE
SERVANI-1173[36],,SERVANI,RENT,WHITE,36,7000,,,1,DOUBLE KOTTI PATERN BELTVALI,,AVAILABLE
SERVANI-1174[38],,SERVANI,RENT,CREAM,38,5000,,,1,CREAM MORVALI,,AVAILABLE
SERVANI-1175[40],,SERVANI,RENT,CREAM,40,5000,,,1,CREAM MORVALI,,AVAILABLE
SERVANI-1176[36],,SERVANI,RENT,CREAM,36,5000,,,1,CREAM PICH MORAVALI,,AVAILABLE
SERVANI-1177[36],,SERVANI,RENT,CREAM,36,5000,,,1,CREAM MARUN AMRODARY,,AVAILABLE
SERVANI-1178[36],,SERVANI,RENT,CREAM,36,5000,,,1,CREAM MORVALI,,AVAILABLE
INDOWESTERN-1179[36],,INDOWESTERN,RENT,CREAM,36,5000,,,1,JYUT ANIMAL,,AVAILABLE
SERVANI-180[38],,SERVANI,RENT,CREAM,38,5000,,,1,CREAM MARUN HATHI VALI,,AVAILABLE
INDOWESTERN-1181[38],,INDOWESTERN,RENT,CREAM,38,5000,,,1,JYUT ANIMAL,,AVAILABLE
INDOWESTERN-1182[34],,INDOWESTERN,RENT,CREAM,34,5000,,,1,JYUT ANIMAL,,AVAILABLE
SERVANI-1183[34],,SERVANI,RENT,PICH,34,5000,,,1,CREAM PICH AMRODARY WORK,,AVAILABLE
SERVANI-1184[36],,SERVANI,RENT,PICH,36,7000,,,1,CREAM PICH HATHI VALI BELT VALI,,AVAILABLE
INDOWESTERN-1185[38],,INDOWESTERN,RENT,BLUE,38,3500,,,1,BLUE AMRODARY KOTTI PATERN,,AVAILABLE
SERVANI-1186[38],,SERVANI,RENT,WHITE,38,5000,,,1,WHITE GULABI HATHI,,AVAILABLE
SERVANI-1187[36],,SERVANI,RENT,CREAM,36,5000,,,1,CREAM PICH MORVALI,,AVAILABLE
SERVANI-1188[38],,SERVANI,RENT,WHITE,38,5000,,,1,WHITE MARUN,,AVAILABLE
INDOWESTERN-1189[42],,INDOWESTERN,RENT,PURPLE,42,4000,,,1,PURPLE MOR KOTTI,,AVAILABLE
INDOWESTERN-111190[34],,INDOWESTERN,RENT,PURPLE,34,4000,,,1,PURPLE MOR KOTTI,,AVAILABLE
INDOWESTERN-1191[38],,INDOWESTERN,RENT,PURPLE,38,4000,,,1,PURPLE MOR KOTTI,,AVAILABLE
INDOWESTERN-1192[40],,INDOWESTERN,RENT,BLUE,40,4000,,,1,BLUE MOR AMRODARY,,AVAILABLE
SERVANI-1193[36],,SERVANI,RENT,WHITE,36,5000,,,1,WHITE MARUN LAKHANAVI,,AVAILABLE
INDOWESTERN-1194[36],,INDOWESTERN,RENT,BLUE,36,4000,,,1,BLUE MOR AMRODARY,,AVAILABLE
SERVANI-1195[38],,SERVANI,RENT,WHITE,38,5000,,,1,WHITE HARANVALI,,AVAILABLE
INDOWESTERN-1196[38],,INDOWESTERN,RENT,CREAM,38,4000,,,1,CREAM KOTTI PATERN,,AVAILABLE
SERVANI-1197[40],,SERVANI,RENT,WHITE,40,5000,,,1,OFF WHITE MARUN HATHI AMRODARY,,AVAILABLE
SERVANI-1198[34],,SERVANI,RENT,MULTY,34,5000,,,1,MULTY BELT VALI,,AVAILABLE
INDOWESTERN-1199[36],,INDOWESTERN,RENT,BLUE,36,4000,,,1,BLUE MOR AMRODARY,,AVAILABLE
SERVANI-1200[36],,SERVANI,RENT,WHITE,36,5000,,,1,WHITE GULABI BELT VALI,,AVAILABLE
INDOWESTERN-1201[42],,INDOWESTERN,RENT,PURPLE,42,3500,,,1,PURPLE KOTTI PATERN,,AVAILABLE
INDOWESTERN-1202[38],,INDOWESTERN,RENT,PURPLE,38,3500,,,1,PURPLE KOTTI PATERN,,AVAILABLE
SERVANI-1203[36],,SERVANI,RENT,WHITE,36,5000,,,1,WHITE PICH HATHI AMRODARY,,AVAILABLE
INDOWESTERN-1204[38],,INDOWESTERN,RENT,BLUE,38,4000,,,1,BLUE MOR AMRODARY,,AVAILABLE
INDOWESTERN-1205[38],,INDOWESTERN,RENT,BLUE,38,4000,,,1,BLUE MOR AMRODARY,,AVAILABLE
INDOWESTERN-1206[36],,INDOWESTERN,RENT,PURPLE,36,4000,,,1,PURPLE MOR KOTTI,,AVAILABLE
SERVANI-1207[38,,SERVANI,RENT,CREAM,38,5000,,,1,CREAM MORVALI,,AVAILABLE
SERVANI-1208[34],,SERVANI,RENT,WHITE,34,5000,,,1,CREAM HARANVALI,,AVAILABLE
SERVANI-1209[34],,SERVANI,RENT,CREAM,34,5000,,,1,CREAM PICH JANVALI,,AVAILABLE
INDOWESTERN-1210[36],,INDOWESTERN,RENT,CREAM,36,5000,,,1,CREAM JYUT ANIMAL,,AVAILABLE
INDOWESTERN-1211[40],,INDOWESTERN,RENT,CREAM,40,5000,,,1,CREAM JYUT ANIMAL,,AVAILABLE
SERVANI-1212[36],,SERVANI,RENT,WHITE,36,5000,,,1,CREAM HARAN VALI,,AVAILABLE
SERVANI-1213[36],,SERVANI,RENT,WHITE,36,7000,,,1,WHITE HATHI DIAMOND TACHAP,,AVAILABLE
SERVANI-1214[34],,SERVANI,RENT,WHITE,34,7000,,,1,DIAMOND TACHAP BELTVALI,,AVAILABLE
SERVANI-1215[42],,SERVANI,RENT,WHITE,42,7000,,,1,DIAMOND TACHAP BELTVALI,,AVAILABLE
INDOWESTERN-1216[40],,INDOWESTERN,RENT,PURPLE,40,4000,,,1,PURPLE MOR KOTTI,,AVAILABLE
SERVANI-1217[34],,SERVANI,RENT,WHITE,34,7000,,,1,DIAMOND TACHAP BELTVALI,,AVAILABLE
INDOWESTERN-1218[34],,INDOWESTERN,RENT,BLUE,34,4000,,,1,BLUE MOR AMRODARY,,AVAILABLE
INDOWESTERN-1219[36],,INDOWESTERN,RENT,BLUE,36,4000,,,1,BLUE MOR AMRODARY,,AVAILABLE
SERVANI-1220[42],,SERVANI,RENT,PICH,42,5000,,,1,PICH MORVALI,,AVAILABLE
SERVANI-1221[38],,SERVANI,RENT,WHITE,38,5000,,,1,WHITE MARUN TACHAP,,AVAILABLE
INDOWESTERN-1223[40],,INDOWESTERN,RENT,BLUE,40,4000,,,1,BLUE MOR AMRODARY,,AVAILABLE
SERVANI-1224[40],,SERVANI,RENT,CREAM,40,11000,,,1,SEM DUPATTA PATTERN,,AVAILABLE
SERVANI-1225[34],,SERVANI,RENT,PICH,34,5000,,,1,CREAM PICH MORAVALI,,AVAILABLE
SERVANI-1226[38],,SERVANI,RENT,PICH,38,5000,,,1,CREAM PICH DIAMOND TACHAP,,AVAILABLE
INDOWESTERN-1227[36],,INDOWESTERN,RENT,PURPLE,36,4000,,,1,PURPLE MOR KOTTI,,AVAILABLE
INDOWESTERN-1228[34],,INDOWESTERN,RENT,PURPLE,34,4000,,,1,PURPLE MOR KOTTI,,AVAILABLE
INDOWESTERN-1229[38],,INDOWESTERN,RENT,PURPLE,38,4000,,,1,PURPLE MOR KOTTI,,AVAILABLE
INDOWESTERN-1230[36],,INDOWESTERN,RENT,CREAM,36,5000,,,1,CREAM AMRODARY KOTTI PATERN,,AVAILABLE
INDOWESTERN-1231[36],,INDOWESTERN,RENT,RAMA,36,3500,,,1,RAMA COLOUR KOTTI ,,AVAILABLE
SERVANI-1232[34],,SERVANI,RENT,CREAM,34,5000,,,1,CREAM ANIMAL,,AVAILABLE
INDOWESTERN-1233[36],,INDOWESTERN,RENT,PICH,36,4000,,,1,PICH HATHI KOTTI,,AVAILABLE
INDOWESTERN-1234[36],,INDOWESTERN,RENT,PISTA,36,3500,,,1,DARK PISTA AMRODARY KOTTI,,AVAILABLE
INDOWESTERN-1235[32],,INDOWESTERN,RENT,BLUE,32,4000,,,1,BLUE MOR AMRODARY,,AVAILABLE
INDOWESTERN-1236[44],,INDOWESTERN,RENT,BLUE,44,4000,,,1,BLUE MOR AMRODARY,,AVAILABLE
SERVANI-1237[40],,SERVANI,RENT,CREAM,40,5000,,,1,CREAM MORVALI,,AVAILABLE
INDOWESTERN-1238[40],,INDOWESTERN,RENT,PURPLE,40,4000,,,1,PURPLE MOR KOTTI,,AVAILABLE
INDOWESTERN-1239[32],,INDOWESTERN,RENT,CREAM,32,4000,,,1,CREAM KOTTI PATERN,,AVAILABLE
SERVANI-1240[36],,SERVANI,RENT,CREAM,36,11000,,,1,GOLDEN SAME DUPATTA HEAVY,,AVAILABLE
INDOWESTERN-1241[38],,INDOWESTERN,RENT,WHITE,38,5000,,,1,WHITE GREEN AMRODARY,,AVAILABLE
INDOWESTERN-1242[40],,INDOWESTERN,RENT,CREAM,40,5000,,,1,CREAM MORVALI,,AVAILABLE
INDOWESTERN-1243[38],,INDOWESTERN,RENT,CREAM,38,5000,,,1,CREAM MORVALI,,AVAILABLE
INDOWESTERN-1244[40],,INDOWESTERN,RENT,WHITE,40,5000,,,1,WHITE GREEN AMRODARY,,AVAILABLE
INDOWESTERN-1245[40],,INDOWESTERN,RENT,CREAM,40,5000,,,1,PICH ANIMAL,,AVAILABLE
INDOWESTERN-1246[36],,INDOWESTERN,RENT,BLUE,36,4000,,,1,BLUE MOR AMRODARY,,AVAILABLE
SERVANI-1247[36],,SERVANI,RENT,WHITE,36,5000,,,1,OFF WHITE MORVALI,,AVAILABLE
SERVANI-1248[36],,SERVANI,RENT,CREAM,36,11000,,,1,CREAM SAME DUPATTA VALI,,AVAILABLE
SERVANI-1249[38],,SERVANI,RENT,CREAM,38,11000,,,1,CREAM SAME DUPATTA VALI,,AVAILABLE
SERVANI-1250[32],,SERVANI,RENT,WHITE,32,5000,,,1,WHITE MARUN DULHA DULHAN BELT VALI,,AVAILABLE
INDOWESTERN-1251[36],,INDOWESTERN,RENT,CREAM,36,5000,,,1,CREAM MORVALU,,AVAILABLE
SERVANI-1252[38],,SERVANI,RENT,WHITE,38,5000,,,1,WHITE DIAMOND TACHAP,,AVAILABLE
SERVANI-1253[34],,SERVANI,RENT,CREAM,34,11000,,,1,CREAM SAME DUPATTA VALI,,AVAILABLE
SERVANI-1254[42],,SERVANI,RENT,CREAM,42,11000,,,1,CREAM SAME DUPATTA VALI,,AVAILABLE
SERVANI-1255[40],,SERVANI,RENT,CREAM,40,11000,,,1,CREAM SAME DUPATTA VALI,,AVAILABLE
INDOWESTERN-1256[40],,INDOWESTERN,RENT,PISTA ,40,5000,,,1,PISTA VEL NEW ,,AVAILABLE
INDOWESTERN-1257[36],,INDOWESTERN,RENT,PISTA,36,5000,,,1,PISTA VEL NEW ,,AVAILABLE
SERVANI-1258[38],,SERVANI,RENT,CREAM,38,5000,,,1,CREAM MOR GULABI TACHAP,,AVAILABLE
INDOWESTERN-1259[34],,INDOWESTERN,RENT,PISTA,34,5000,,,1,PISTA VEL NEW ,,AVAILABLE
SERVANI-1260[32],,SERVANI,RENT,MULTY,32,5000,,,1,MULTY AMRODARY,,AVAILABLE
