code,name,type,category_name,qty,price_rent,price_sell,purchase_price,color,size,lifetime_gap,status,vendor_id,main_image,notes,is_active
J-11[34],JODHPURI-11[34],rent,JODHPURI,1,1500,,,BLACK,34,1,available,,,BLACK HUNTER,TRUE
J-118[40],JODHPURI-118[40],rent,JODHPURI,1,1100,,,BLACK,40,1,available,,,BLACK PLANE,TRUE
J-177[36],JODHPURI-177[36],rent,JODHPURI,1,1500,,,BLACK,36,1,available,,,BLACK HUNTER,TRUE
J-185[36],JODHPURI-185[36],rent,JODHPURI,1,1100,,,BLACK,36,1,available,,,BLACK PLANE,TRUE
J-239[38],JODHPURI-239[38],rent,JODHPURI,1,1100,,,BLACK,38,1,available,,,BLACK PLANE,TRUE
J-333[34],JODHPURI-333[34],rent,JODHPURI,1,1500,,,CREAM,34,1,available,,,CREAM HUNTER,TRUE
J-375[34],JODHPURI-375[34],rent,JODHPURI,1,1800,,,COFI,34,1,available,,,COFI SINH SIMBOL,TRUE
J-376[36],JODHPURI-376[36],rent,JODHPURI,1,1800,,,COFI,36,1,available,,,COFI SINH SIMBOL,TRUE
J-388[34],JODHPURI-388[34],rent,JODHPURI,1,1800,,,GULABI,34,1,available,,,GULABI SINH TALVAR SAIMBOL,TRUE
J-389[38],JODHPURI-389[38],rent,JODHPURI,1,1800,,,BLUE,38,1,available,,,BLUE SINH SIMBOL,TRUE
J-390[36],JODHPURI-390[36],rent,JODHPURI,1,1800,,,COFI,36,1,available,,,COFI SINH SIMBOL,TRUE
J-395[40],JODHPURI-395[40],rent,JODHPURI,1,1800,,,BLUE,40,1,available,,,BLUE SINH SIMBOL,TRUE
J-404[34],JODHPURI-404[34],rent,JODHPURI,1,1800,,,BLUE,34,1,available,,,BLUE SINH SIMBOL,TRUE
J-408[34],JODHPURI-408[34],rent,JODHPURI,1,1800,,,BLUE,34,1,available,,,BLUE SINH SIMBOL,TRUE
J-410[36],JODHPURI-410[36],rent,JODHPURI,1,1800,,,GULABI,36,1,available,,,GULABI SINH SIMBOL,TRUE
J-411[34],JODHPURI-411[34],rent,JODHPURI,1,1800,,,MARUN,34,1,available,,,MARUN SINH SIMBOL,TRUE
J-413[34],JODHPURI-413[34],rent,JODHPURI,1,1800,,,GULABI,34,1,available,,,GULABI SINH SIMBOL,TRUE
J-416[40],JODHPURI-416[40],rent,JODHPURI,1,1800,,,MARUN,40,1,available,,,MARUN SINH SIMBOL,TRUE
J-417[38],JODHPURI-417[38],rent,JODHPURI,1,1800,,,WHITE,38,1,available,,,WHITE SIMBOL,TRUE
J-418[40],JODHPURI-418[40],rent,JODHPURI,1,1800,,,GULABI,40,1,available,,,GULABI SIMBOL,TRUE
J-419[32],JODHPURI-419[32],rent,JODHPURI,1,1800,,,BLUE,32,1,available,,,BLUE SINH SIMBOL,TRUE
J-420[32],JODHPURI-420[32],rent,JODHPURI,1,1800,,,MARUN,32,1,available,,,MARUN SINH SIMBOL,TRUE
J-421[38],JODHPURI-421[38],rent,JODHPURI,1,1800,,,MARUN ,38,1,available,,,MARUN SINH SIMBOL,TRUE
J-422[36],JODHPURI-422[36],rent,JODHPURI,1,1800,,,MARUN,36,1,available,,,MARUN SINH SIMBOL,TRUE
J-423[34],JODHPURI-423[34],rent,JODHPURI,1,1800,,,GULABI,34,1,available,,,GULABI SINH SIMBOL,TRUE
J-424[34],JODHPURI-424[34],rent,JODHPURI,1,1800,,,BLUE,34,1,available,,,BLUE SINH SIMBOL,TRUE
J-425[36],JODHPURI-425[36],rent,JODHPURI,1,1800,,,GULABI,36,1,available,,,GULABI SINH SIMBOL,TRUE
J-426[32],JODHPURI-426[32],rent,JODHPURI,1,1800,,,GULABI,32,1,available,,,GULABI SINH SIMBOL,TRUE
J-427[34],JODHPURI-427[34],rent,JODHPURI,1,1800,,,BLUE,34,1,available,,,BLUE SINH SIMBOL,TRUE
J-429[34],JODHPURI-429[34],rent,JODHPURI,1,1800,,,GULABI,34,1,available,,,GULABI SINH SIMBOL,TRUE
J-431[44],JODHPURI-431[44],rent,JODHPURI,1,1800,,,BLUE,44,1,available,,,BLUE SINH SIMBOL,TRUE
J-434[40],JODHPURI-434[40],rent,JODHPURI,1,1800,,,BLUE,40,1,available,,,BLUE SINH SIMBOL,TRUE
J-436[42],JODHPURI-436[42],rent,JODHPURI,1,1800,,,BLUE,42,1,available,,,BLUE SINH SIMBOL,TRUE
J-437[44],JODHPURI-437[44],rent,JODHPURI,1,1800,,,MARUN,44,1,available,,,MARUN SINH SIMBOL,TRUE
J-440[42],JODHPURI-440[42],rent,JODHPURI,1,1800,,,MARUN,42,1,available,,,MARUN SINH SIMBOL,TRUE
J-443[32],JODHPURI-443[32],rent,JODHPURI,1,1800,,,BLUE,32,1,available,,,BLUE SINH SIMBOL,TRUE
J-445[32],JODHPURI-445[32],rent,JODHPURI,1,1800,,,COFI,32,1,available,,,COFI SINH SIMBOL,TRUE
J-446[38],JODHPURI-446[38],rent,JODHPURI,1,1800,,,COFI,38,1,available,,,COFI SINH SIMBOL,TRUE
J-447[32],JODHPURI-447[32],rent,JODHPURI,1,1800,,,WHITE,32,1,available,,,WHITE SIMBOL,TRUE
J-448[38],JODHPURI-448[38],rent,JODHPURI,1,1500,,,GULABI,38,1,available,,,GULABI GOLDEN,TRUE
J-450[40],JODHPURI-450[40],rent,JODHPURI,1,1800,,,BLUE,40,1,available,,,BLUE SINH SIMBOL,TRUE
J-451[36],JODHPURI-451[36],rent,JODHPURI,1,1800,,,COFI,36,1,available,,,COFI SINH SIMBOL,TRUE
J-452[38],JODHPURI-452[38],rent,JODHPURI,1,1800,,,GULABI,38,1,available,,,GULABI SINH SIMBOL,TRUE
J-453[42],JODHPURI-453[42],rent,JODHPURI,1,1800,,,COFI,42,1,available,,,COFI SINH SIMBOL,TRUE
J-456[40],JODHPURI-456[40],rent,JODHPURI,1,1800,,,COFI,40,1,available,,,COFI SINH SIMBOL,TRUE
J-457[34],JODHPURI-457[34],rent,JODHPURI,1,1800,,,COFI,34,1,available,,,COFI SINH SIMBOL,TRUE
J-461[38],JODHPURI-461[38],rent,JODHPURI,1,1800,,,BLUE,38,1,available,,,BLUE SINH SIMBOL,TRUE
J-463[42],JODHPURI-463[42],rent,JODHPURI,1,1800,,,BLUE,42,1,available,,,BLUE SINH SIMBOL,TRUE
J-464[42],JODHPURI-464[42],rent,JODHPURI,1,1800,,,WHITE,42,1,available,,,WHITE SIMBOL,TRUE
J-467[40],JODHPURI-467[40],rent,JODHPURI,1,1500,,,BLUE,40,1,available,,,BLUE HUNTER,TRUE
J-468[36],JODHPURI-468[36],rent,JODHPURI,1,1500,,,GREEN,36,1,available,,,GREEN PRINTED,TRUE
J-469[34],JODHPURI-469[34],rent,JODHPURI,1,1500,,,PISTA,34,1,available,,,PISTA PRINTED,TRUE
J-475[36],JODHPURI-475[36],rent,JODHPURI,1,2000,,,BLUE,36,1,available,,,BLUE AMBRODARI,TRUE
J-476[34],JODHPURI-476[34],rent,JODHPURI,1,2000,,,BLUE,34,1,available,,,BLUE AMBRODARI,TRUE
J-482[40],JODHPURI-482[40],rent,JODHPURI,1,2000,,,BLUE,40,1,available,,,BLUE AMBRODARI,TRUE
J-487[38],JODHPURI-487[38],rent,JODHPURI,1,2000,,,BLUE,38,1,available,,,BLUE AMBRODARI,TRUE
J-488[34],JODHPURI-488[34],rent,JODHPURI,1,2000,,,BLUE,34,1,available,,,BLUE AMBRODARI,TRUE
J-493[44],JODHPURI-493[44],rent,JODHPURI,1,1800,,,WHITE,44,1,available,,,WHITE SIMBOL,TRUE
J-496[36],JODHPURI-496[36],rent,JODHPURI,1,2000,,,BLUE,36,1,available,,,BLUE AMBRODARI,TRUE
J-498[36],JODHPURI-498[36],rent,JODHPURI,1,1800,,,BLUE,36,1,available,,,BLUE SINH SIMBOL,TRUE
J-501[36],JODHPURI-501[36],rent,JODHPURI,1,1800,,,MARUN,36,1,available,,,MARUN SINH SIMBOL,TRUE
J-504[36],JODHPURI-504[36],rent,JODHPURI,1,1800,,,PISTA,36,1,available,,,PISTA SINH SIMBOL,TRUE
J-505[42],JODHPURI-505[42],rent,JODHPURI,1,1800,,,PISTA,42,1,available,,,PISTA SINH SIMBOL,TRUE
J-506[32],JODHPURI-506[32],rent,JODHPURI,1,2000,,,BLUE,32,1,available,,,BLUE AMBRODARI,TRUE
J-508[38],JODHPURI-508[38],rent,JODHPURI,1,1800,,,PISTA,38,1,available,,,PISTA SINH SIMBOL,TRUE
J-509[34],JODHPURI-509[34],rent,JODHPURI,1,1800,,,MARUN,34,1,available,,,MARUN SINH SIMBOL,TRUE
J-511[34],JODHPURI-511[34],rent,JODHPURI,1,1800,,,PISTA,34,1,available,,,PISTA SINH SIMBOL,TRUE
J-513[38],JODHPURI-513[38],rent,JODHPURI,1,2000,,,BLUE,38,1,available,,,BLUE AMBRODARI,TRUE
J-514[40],JODHPURI-514[40],rent,JODHPURI,1,1800,,,PISTA,40,1,available,,,PISTA SINH SIMBOL,TRUE
J-515[38],JODHPURI-515[38],rent,JODHPURI,1,1800,,,PISTA,38,1,available,,,PISTA SINH SIMBOL,TRUE
J-516[44],JODHPURI-516[44],rent,JODHPURI,1,1800,,,PISTA,44,1,available,,,PISTA SINH SIMBOL,TRUE
J-517[36],JODHPURI-517[36],rent,JODHPURI,1,2000,,,BLUE,36,1,available,,,BLUE AMBRODARI,TRUE
J-518[40],JODHPURI-518[40],rent,JODHPURI,1,2000,,,BLUE,40,1,available,,,BLUE AMBRODARI,TRUE
J-520[36],JODHPURI-520[36],rent,JODHPURI,1,1800,,,MARUN,36,1,available,,,MARUN SINH SIMBOL,TRUE
J-521[42],JODHPURI-521[42],rent,JODHPURI,1,2000,,,BLUE,42,1,available,,,BLUE AMBRODARI,TRUE
J-523[38],JODHPURI-523[38],rent,JODHPURI,1,2000,,,BLUE,38,1,available,,,BLUE AMBRODARI,TRUE
J-524[40],JODHPURI-524[40],rent,JODHPURI,1,1100,,,PISTA,40,1,available,,,PISTA PLANE,TRUE
J-525[42],JODHPURI-525[42],rent,JODHPURI,1,1800,,,PISTA,42,1,available,,,PISTA SINH SIMBOL,TRUE
J-526[32],JODHPURI-526[32],rent,JODHPURI,1,1800,,,PISTA,32,1,available,,,PISTA SINH SIMBOL,TRUE
J-527[32],JODHPURI-527[32],rent,JODHPURI,1,1800,,,BLUE,32,1,available,,,BLUE SINH SIMBOL,TRUE
J-529[36],JODHPURI-529[36],rent,JODHPURI,1,1800,,,PISTA,36,1,available,,,PISTA SINH SIMBOL,TRUE
J-531[40],JODHPURI-531[40],rent,JODHPURI,1,1800,,,PISTA,40,1,available,,,PISTA SINH SIMBOL,TRUE
J-533[36],JODHPURI-533[36],rent,JODHPURI,1,1800,,,SKY BLUE,36,1,available,,,SKY BLUE SINH SIMBOL,TRUE
J-534[34],JODHPURI-534[34],rent,JODHPURI,1,1800,,,SKY BLUE,34,1,available,,,SKY BLUE SINH SIMBOL,TRUE
J-535[38],JODHPURI-535[38],rent,JODHPURI,1,1800,,,SKY BLUE,38,1,available,,,SKY BLUE SINH SIMBOL,TRUE
`],JODHPURI-536[32],rent,JODHPURI,1,2000,,,BLUE,32,1,available,,,BLUE AMBRODARI,TRUE
J-537[38],JODHPURI-537[38],rent,JODHPURI,1,2000,,,BLUE,38,1,available,,,BLUE AMBRODARI,TRUE
J-541[32],JODHPURI-541[32],rent,JODHPURI,1,2000,,,BLUE,32,1,available,,,BLUE AMBRODARI,TRUE
J-543[34],JODHPURI-543[34],rent,JODHPURI,1,2000,,,BLUE,34,1,available,,,BLUE AMBRODARI,TRUE
J-546[42],JODHPURI-546[42],rent,JODHPURI,1,1500,,,GREEN,42,1,available,,,GREEN PRINTED,TRUE
J-549[38],JODHPURI-549[38],rent,JODHPURI,1,1800,,,PISTA,38,1,available,,,PISTA SINH SIMBOL,TRUE
J-550[38],JODHPURI-550[38],rent,JODHPURI,1,2000,,,PISTA,38,1,available,,,PISTA AMBRODARI,TRUE
J-553[40],JODHPURI-553[40],rent,JODHPURI,1,1800,,,GULABI,40,1,available,,,GULABI SINH SIMBOL,TRUE
J-555[36],JODHPURI-555[36],rent,JODHPURI,1,1800,,,PISTA,36,1,available,,,PISTA SINH SIMBOL,TRUE
J-556[34],JODHPURI-556[34],rent,JODHPURI,1,1800,,,PISTA,34,1,available,,,PISTA SINH SIMBOL,TRUE
J-558[32],JODHPURI-558[32],rent,JODHPURI,1,1800,,,MARUN,32,1,available,,,MARUN SINH SIMBOL,TRUE
J-559[44],JODHPURI-559[44],rent,JODHPURI,1,1800,,,BLUE,44,1,available,,,BLUE SINH SIMBOL,TRUE
J-561[36],JODHPURI-561[36],rent,JODHPURI,1,1800,,,BLUE,36,1,available,,,BLUE SINH SIMBOL,TRUE
J-563[34],JODHPURI-563[34],rent,JODHPURI,1,2500,,,PURPLE,34,1,available,,,PURPLE AMBRODARI,TRUE
J-564[38],JODHPURI-564[38],rent,JODHPURI,1,1800,,,WHITE,38,1,available,,,WHITE SIMBOL,TRUE
J-567[36],JODHPURI-567[36],rent,JODHPURI,1,1800,,,SKY BLUE,36,1,available,,,SKY BLUE SINH SIMBOL,TRUE
J-568[34],JODHPURI-568[34],rent,JODHPURI,1,1800,,,PISTA,34,1,available,,,PISTA SINH SIMBOL,TRUE
J-569[40],JODHPURI-569[40],rent,JODHPURI,1,1800,,,SKY BLUE,40,1,available,,,SKY BLUE SINH SIMBOL,TRUE
J-570[38],JODHPURI-570[38],rent,JODHPURI,1,2000,,,MULTI,38,1,available,,,MULTI KINKHAB,TRUE
J-572[38],JODHPURI-572[38],rent,JODHPURI,1,1500,,,BLUE,38,1,available,,,BLUE PRINTED,TRUE
J-573[34],JODHPURI-573[34],rent,JODHPURI,1,1500,,,BLUE,34,1,available,,,BULE PRINTED,TRUE
J-574[40],JODHPURI-574[40],rent,JODHPURI,1,2000,,,MULTI,40,1,available,,,MULTI KINKHAB,TRUE
J-575[34],JODHPURI-575[34],rent,JODHPURI,1,2000,,,MULTI,34,1,available,,,MULTI KINKHAB,TRUE
J-576[36],JODHPURI-576[36],rent,JODHPURI,1,2000,,,MULTI,36,1,available,,,MULTI KINKHAB,TRUE
J-577[36],JODHPURI-577[36],rent,JODHPURI,1,1500,,,BLUE,36,1,available,,,BLUE PRINTED,TRUE
J-578[38],JODHPURI-578[38],rent,JODHPURI,1,2000,,,BLUE,38,1,available,,,BLUE AMBRODARI,TRUE
J-579[32],JODHPURI-579[32],rent,JODHPURI,1,1800,,,WHITE,32,1,available,,,WHITE SIMBOL,TRUE
J-580[40],JODHPURI-580[40],rent,JODHPURI,1,1500,,,BLUE,40,1,available,,,BLUE PRINTED,TRUE
J-582[40],JODHPURI-582[40],rent,JODHPURI,1,3000,,,BLUE,40,1,available,,,BLUE PINK AMBRODARI,TRUE
J-583[42],JODHPURI-583[42],rent,JODHPURI,1,2500,,,PURPLE,42,1,available,,,PURPLE AMBRODARI,TRUE
J-584[42],JODHPURI-584[42],rent,JODHPURI,1,2000,,,BLUE,42,1,available,,,BLUE AMBRODARI,TRUE
J-585[38],JODHPURI-585[38],rent,JODHPURI,1,1500,,,BLUE,38,1,available,,,BLUE PRINTED,TRUE
J-586[40],JODHPURI-586[40],rent,JODHPURI,1,2000,,,BLUE,40,1,available,,,BLUE AMBRODARI,TRUE
J-587[34],JODHPURI-587[34],rent,JODHPURI,1,2000,,,BLUE,34,1,available,,,BLUE AMBRODARI,TRUE
J-588[34],JODHPURI-588[34],rent,JODHPURI,1,2000,,,BLUE,34,1,available,,,BLUE AMBRODARI,TRUE
J-589[32],JODHPURI-589[32],rent,JODHPURI,1,2000,,,BLUE,32,1,available,,,BLUE AMBRODARI,TRUE
J-591[36],JODHPURI-591[36],rent,JODHPURI,1,2000,,,BLUE,36,1,available,,,BLUE AMBRODARI,TRUE
J-592[38],JODHPURI-592[38],rent,JODHPURI,1,2000,,,BLUE,38,1,available,,,BLUE AMBRODARI,TRUE
J-593[34],JODHPURI-593[34],rent,JODHPURI,1,1500,,,BLUE,34,1,available,,,BLUE PRINTED,TRUE
J-594[34],JODHPURI-594[34],rent,JODHPURI,1,1500,,,GREEN,34,1,available,,,GREEN PRINTED,TRUE
J-595[42],JODHPURI-595[42],rent,JODHPURI,1,1500,,,GREEN,42,1,available,,,GREEN PRINTED,TRUE
J-596[36],JODHPURI-596[36],rent,JODHPURI,1,1500,,,BLUE,36,1,available,,,BLUE PRINTED,TRUE
J-597[36],JODHPURI-597[36],rent,JODHPURI,1,1800,,,GULABI,36,1,available,,,GULABI SINH SIMBOL,TRUE
J-598[38],JODHPURI-598[38],rent,JODHPURI,1,1500,,,GREEN,38,1,available,,,GREEN PRINTED,TRUE
J-599[36],JODHPURI-599[36],rent,JODHPURI,1,3000,,,BLUE,36,1,available,,,BLUE PINK AMBRODARI,TRUE
J-600[36],JODHPURI-600[36],rent,JODHPURI,1,3500,,,PISTA,36,1,available,,,PISTA HATHI MOR AMBRODARI,TRUE
J-602[36],JODHPURI-602[36],rent,JODHPURI,1,3000,,,CREAM,36,1,available,,,CREM MULTI AMBRODARI,TRUE
J-603[34],JODHPURI-603[34],rent,JODHPURI,1,3000,,,CREAM,34,1,available,,,CREM MULTI AMBRODARI,TRUE
J-604[42],JODHPURI-604[42],rent,JODHPURI,1,3000,,,BLUE,42,1,available,,,BLUE PINK AMBRODARI,TRUE
J-605[36],JODHPURI-605[36],rent,JODHPURI,1,2500,,,MARUN,36,1,available,,,MARUN AMBRODARI,TRUE
J-607[32],JODHPURI-607[32],rent,JODHPURI,1,1500,,,GREEN,32,1,available,,,GREEN PRINTED,TRUE
J-608[38],JODHPURI-608[38],rent,JODHPURI,1,1800,,,WHITE,38,1,available,,,WHITE SIMBOL,TRUE
J-609[38],JODHPURI-609[38],rent,JODHPURI,1,3500,,,PISTA,38,1,available,,,PISTA HATHI MOR AMBRODARI,TRUE
J-610[40],JODHPURI-610[40],rent,JODHPURI,1,3000,,,CREAM,40,1,available,,,CREM MULTI AMBRODARI,TRUE
J-611[40],JODHPURI-611[40],rent,JODHPURI,1,3500,,,PISTA,40,1,available,,,PISTA HATHI MOR AMBRODARI,TRUE
J-612[36],JODHPURI-612[36],rent,JODHPURI,1,3000,,,CREAM,36,1,available,,,PISTA HATHI MOR AMBRODARI,TRUE
J-613[38],JODHPURI-613[38],rent,JODHPURI,1,3500,,,PISTA,38,1,available,,,PISTA HATHI MOR AMBRODARI,TRUE
J-614[32],JODHPURI-614[32],rent,JODHPURI,1,3000,,,CREAM,32,1,available,,,COFI CREAM HATHI AMBRODARI,TRUE
J-615[34],JODHPURI-615[34],rent,JODHPURI,1,3000,,,CREAM,34,1,available,,,COFI CREAM HATHI AMBRODARI,TRUE
J-616[34],JODHPURI-616[34],rent,JODHPURI,1,3000,,,CREAM,34,1,available,,,DARK HATHI MOR AMBRODARI,TRUE
J-617[34],JODHPURI-617[34],rent,JODHPURI,1,3000,,,GREY,34,1,available,,,GREY AMBRODARI,TRUE
J-618[36],JODHPURI-618[36],rent,JODHPURI,1,3000,,,CREAM,36,1,available,,,CREM COFI AMBRODARI,TRUE
J-619[38],JODHPURI-619[38],rent,JODHPURI,1,3000,,,CREAM,38,1,available,,,CREM COFI AMBRODARI,TRUE
J-620[38],JODHPURI-620[38],rent,JODHPURI,1,2500,,,PURPLE,38,1,available,,,PURPLE AMBRODARI,TRUE
J-621[36],JODHPURI-621[36],rent,JODHPURI,1,3000,,,CREAM,36,1,available,,,CREM PICH AMBRODARI,TRUE
J-622[38],JODHPURI-622[38],rent,JODHPURI,1,1800,,,PISTA,38,1,available,,,PISTA SINH SIMBOL,TRUE
J-623[42],JODHPURI-623[42],rent,JODHPURI,1,2500,,,MARUN,42,1,available,,,MARUN AMBRODARI,TRUE
J-624[38],JODHPURI-624[38],rent,JODHPURI,1,2500,,,MARUN,38,1,available,,,MARUN AMBRODARI,TRUE
J-625[42],JODHPURI-625[42],rent,JODHPURI,1,1800,,,BLUE,42,1,available,,,BLUE SINH SIMBOL,TRUE
J-626[42],JODHPURI-626[42],rent,JODHPURI,1,1800,,,PISTA,42,1,available,,,PISTA SINH SIMBOL,TRUE
J-628[32],JODHPURI-628[32],rent,JODHPURI,1,3500,,,PISTA,32,1,available,,,PISTA HATHI MOR AMBRODARI,TRUE
J-629[32],JODHPURI-629[32],rent,JODHPURI,1,2500,,,MARUN,32,1,available,,,MARUN AMBRODARI,TRUE
J-630[44],JODHPURI-630[44],rent,JODHPURI,1,3500,,,PISTA,44,1,available,,,PISTA HATHI MOR AMBRODARI,TRUE
J-631[36],JODHPURI-631[36],rent,JODHPURI,1,3000,,,CREAM,36,1,available,,,CREM COFI AMBRODARI,TRUE
J-632[34],JODHPURI-632[34],rent,JODHPURI,1,3500,,,PISTA,34,1,available,,,PISTA HATHI MOR AMBRODARI,TRUE
J-633[38],JODHPURI-633[38],rent,JODHPURI,1,2000,,,GULABI,38,1,available,,,GULABI KINKHAB,TRUE
J-634[34],JODHPURI-634[34],rent,JODHPURI,1,2000,,,GULABI,34,1,available,,,GULABI KINKHAB,TRUE
J-635[36],JODHPURI-635[36],rent,JODHPURI,1,2500,,,MARUN,36,1,available,,,MARUN AMBRODARI,TRUE
J-637[40],JODHPURI-637[40],rent,JODHPURI,1,1800,,,WHITE,40,1,available,,,WHITE SIMBOL,TRUE
J-638[36],JODHPURI-638[36],rent,JODHPURI,1,1800,,,WHITE,36,1,available,,,WHITE SIMBOL,TRUE
J-640[34],JODHPURI-640[34],rent,JODHPURI,1,2500,,,PURPLE,34,1,available,,,PURPLE AMBRODARI,TRUE
J-641[36],JODHPURI-641[36],rent,JODHPURI,1,2500,,,PURPLE,36,1,available,,,PURPLE AMBRODARI,TRUE
J-642[42],JODHPURI-642[42],rent,JODHPURI,1,2000,,,GULABI,42,1,available,,,GULABI KINKHAB,TRUE
J-643[40],JODHPURI-643[40],rent,JODHPURI,1,2000,,,GULABI,40,1,available,,,GULABI KINKHAB,TRUE
J-644[38],JODHPURI-644[38],rent,JODHPURI,1,2500,,,MARUN,38,1,available,,,MARUN AMBRODARI,TRUE
J-645[40],JODHPURI-645[40],rent,JODHPURI,1,3000,,,CREAM,40,1,available,,,CREM PICH AMBRODARI,TRUE
J-646[34],JODHPURI-646[34],rent,JODHPURI,1,2500,,,MARUN,34,1,available,,,MARUN AMBRODARI,TRUE
J-647[36],JODHPURI-647[36],rent,JODHPURI,1,3500,,,PISTA,36,1,available,,,PISTA HATHI MOR AMBRODARI,TRUE
J-648[36],JODHPURI-648[36],rent,JODHPURI,1,2000,,,GULABI,36,1,available,,,GULABI KINKHAB,TRUE
J-649[32],JODHPURI-649[32],rent,JODHPURI,1,2000,,,MULTI,36,1,available,,,MULTI KINKHAB,TRUE
J-650[34],JODHPURI-650[34],rent,JODHPURI,1,1800,,,WHITE,34,1,available,,,WHITE SIMBOL,TRUE
J-651[34],JODHPURI-651[34],rent,JODHPURI,1,1800,,,PISTA,34,1,available,,,DARK PISTA SIMBOL,TRUE
J-652[42],JODHPURI-652[42],rent,JODHPURI,1,3500,,,PISTA,42,1,available,,,PISTA HATHI MOR AMBRODARI,TRUE
J-653[40],JODHPURI-653[40],rent,JODHPURI,1,1100,,,BLACK,40,1,available,,,BLACK PLANE,TRUE
J-655[36],JODHPURI-655[36],rent,JODHPURI,1,3500,,,BLUE,36,1,available,,,BLUE HENDWORK HATHI ,TRUE
J-656[38],JODHPURI-656[38],rent,JODHPURI,1,3000,,,CREAM,38,1,available,,,CREAM PICH AMBRODARI,TRUE
J-657[42],JODHPURI-657[42],rent,JODHPURI,1,1100,,,BLACK,42,1,available,,,BLACK PLANE,TRUE
J-658[40],JODHPURI-658[40],rent,JODHPURI,1,3500,,,PISTA,40,1,available,,,PISTA HATHI MOR AMBRODARI,TRUE
J-659[38],JODHPURI-659[38],rent,JODHPURI,1,1800,,,MARUN,38,1,available,,,MARUN SIMBOL,TRUE
J-660[34],JODHPURI-660[34],rent,JODHPURI,1,3000,,,CREAM,34,1,available,,,CREAM PICH AMBRODARI,TRUE
J-662[32],JODHPURI-662[32],rent,JODHPURI,1,1100,,,GULABI,32,1,available,,,GULABI PLANE,TRUE
J-663[36],JODHPURI-663[36],rent,JODHPURI,1,3500,,,BLUE,36,1,available,,,BLUE HENDWORK HATHI ,TRUE
J-664[40],JODHPURI-664[40],rent,JODHPURI,1,2500,,,PURPLE,40,1,available,,,PURPLE AMBRODARI,TRUE
J-665[34],JODHPURI-665[34],rent,JODHPURI,1,2500,,,MARUN,34,1,available,,,MARUN AMBRODARI,TRUE
J-666[42],JODHPURI-666[42],rent,JODHPURI,1,2500,,,MARUN,42,1,available,,,MARUN AMBRODARI,TRUE
J-667[44],JODHPURI-667[44],rent,JODHPURI,1,2500,,,MARUN,44,1,available,,,MARUN AMBRODARI,TRUE
J-668[38],JODHPURI-668[38],rent,JODHPURI,1,1800,,,GREEN,38,1,available,,,GREEN SIMBOL,TRUE
J-669[38],JODHPURI-669[38],rent,JODHPURI,1,1800,,,PISTA,38,1,available,,,DRAK PISTA SIMBOL,TRUE
J-671[42],JODHPURI-671[42],rent,JODHPURI,1,1500,,,BLUE,42,1,available,,,BLUE PRINTED,TRUE
J-672[32],JODHPURI-672[32],rent,JODHPURI,1,2500,,,MARUN,32,1,available,,,MARUN AMBRODARI,TRUE
J-673[40],JODHPURI-673[40],rent,JODHPURI,1,2500,,,MARUN,40,1,available,,,MARUN AMBRODARI,TRUE
J-674[38],JODHPURI-674[38],rent,JODHPURI,1,2500,,,BLUE,38,1,available,,,BLUE AMBRODARI,TRUE
J-675[42],JODHPURI-675[42],rent,JODHPURI,1,3000,,,CREAM,42,1,available,,,CREAM PICH AMBRODARI,TRUE
J-676[44],JODHPURI-676[44],rent,JODHPURI,1,3000,,,PURPLE,44,1,available,,,PURPLE AMBRODARI,TRUE
J-677[36],JODHPURI-677[36],rent,JODHPURI,1,1500,,,BLUE,36,1,available,,,BLUE PRINTED,TRUE
J-678[34],JODHPURI-678[34],rent,JODHPURI,1,1500,,,BLUE,34,1,available,,,BLUE PRINTED,TRUE
J-679[40],JODHPURI-679[40],rent,JODHPURI,1,1500,,,BLUE,40,1,available,,,BLUE PRINTED,TRUE
J-680[42],JODHPURI-680[42],rent,JODHPURI,1,1800,,,WHITE,42,1,available,,,WHITE SIMBOL,TRUE
J-681[38],JODHPURI-681[38],rent,JODHPURI,1,1500,,,BLUE,38,1,available,,,BLUE PRINTED,TRUE
J-682[34],JODHPURI-682[34],rent,JODHPURI,1,1100,,,BLACK,34,1,available,,,BLACK PLANE,TRUE
J-683[36],JODHPURI-683[36],rent,JODHPURI,1,2500,,,MARUN,36,1,available,,,MARUN AMBRODARI,TRUE
J-684[36],JODHPURI-684[36],rent,JODHPURI,1,1800,,,PISTA,36,1,available,,,DARK PISTA SINH SIMBOL,TRUE
J-685[42],JODHPURI-685[42],rent,JODHPURI,1,1800,,,SKY BLUE,42,1,available,,,SKY BLUE SINH SIMBOL,TRUE
J-686[34],JODHPURI-686[34],rent,JODHPURI,1,2000,,,BLUE,34,1,available,,,BLUE AMBRODARI,TRUE
J-687[44],JODHPURI-687[44],rent,JODHPURI,1,3500,,,PISTA,44,1,available,,,PISTA HATHI MOR AMBRODARI,TRUE
J-688[36],JODHPURI-688[36],rent,JODHPURI,1,1100,,,BLACK,36,1,available,,,BLACK PLANE,TRUE
J-689[40],JODHPURI-689[40],rent,JODHPURI,1,2000,,,BLUE,40,1,available,,,BLUE AMBRODARI,TRUE
J-690[40],JODHPURI-690[40],rent,JODHPURI,1,3500,,,PISTA,40,1,available,,,PISTA MOR AMBRODARI,TRUE
J-691[32],JODHPURI-691[32],rent,JODHPURI,1,2500,,,MARUN,32,1,available,,,MARUN AMBRODARI,TRUE
J-692[34],JODHPURI-692[34],rent,JODHPURI,1,2500,,,PICH,34,1,available,,,CREAM PICH AMBRODARI,TRUE
J-693[40],JODHPURI-693[40],rent,JODHPURI,1,2500,,,MARUN,40,1,available,,,MARUN AMBRODARI,TRUE
J-694[38],JODHPURI-694[38],rent,JODHPURI,1,3000,,,GULABI,38,1,available,,,RANI GULABI AMBRODARI,TRUE
J-695[32],JODHPURI-695[32],rent,JODHPURI,1,1800,,,WHITE,32,1,available,,,WHITE SURYA SIMBOL,TRUE
J-696[32],JODHPURI-696[32],rent,JODHPURI,1,2000,,,BLUE,32,1,available,,,BLUE AMBRODARI,TRUE
J-697[38],JODHPURI-697[38],rent,JODHPURI,1,2500,,,MARUN,38,1,available,,,MARUN AMBRODARI,TRUE
J-698[38],JODHPURI-698[38],rent,JODHPURI,1,2000,,,GULABI,38,1,available,,,GULABI KINKHAB,TRUE
J-699[34],JODHPURI-699[34],rent,JODHPURI,1,2000,,,GULABI,34,1,available,,,GULABI KINKHAB,TRUE
J-700[34],JODHPURI-700[34],rent,JODHPURI,1,5000,,,BLUE,34,1,available,,,BLUE HENDWORK HATHI ,TRUE
J-701[32],JODHPURI-701[32],rent,JODHPURI,1,2000,,,GULABI,32,1,available,,,GULABI  KINKHAB,TRUE
J-702[36],JODHPURI-702[36],rent,JODHPURI,1,2500,,,PARPAL,36,1,available,,,PARPAL AMBRODARI,TRUE
J-704[42],JODHPURI-704[42],rent,JODHPURI,1,2000,,,BLUE,42,1,available,,,BLUE AMBRODARI,TRUE
J-705[38],JODHPURI-705[38],rent,JODHPURI,1,2500,,,WHITE,38,1,available,,,WHITE HATHI SIMBOL,TRUE
J-706[42],JODHPURI-706[42],rent,JODHPURI,1,2500,,,PURPLE,42,1,available,,,PURPLE AMBRODARI,TRUE
J-707[34],JODHPURI-707[34],rent,JODHPURI,1,2000,,,PICH,34,1,available,,,PICH MULTI HATHI,TRUE
J-708[36],JODHPURI-708[36],rent,JODHPURI,1,2000,,,GULABI,36,1,available,,,GULABI KINKHAB,TRUE
J-709[34],JODHPURI-709[34],rent,JODHPURI,1,2500,,,WHITE,34,1,available,,,WHITE HATHI SIMBOL,TRUE
``],JODHPURI-710[34],rent,JODHPURI,1,2000,,,MARUN,34,1,available,,,MARUN PRINTED,TRUE
J-711[44],JODHPURI-711[44],rent,JODHPURI,1,2000,,,GULABI,44,1,available,,,GULABI KINKHAB,TRUE
J-712[40],JODHPURI-712[40],rent,JODHPURI,1,3500,,,CREAM,40,1,available,,,CREAM JYUT GHODA AMBRODARI,TRUE
J-713[38],JODHPURI-713[38],rent,JODHPURI,1,2500,,,PICH,38,1,available,,,PICH PRINTED,TRUE
J-714[38],JODHPURI-714[38],rent,JODHPURI,1,3500,,,CREAM,38,1,available,,,CREAM JYUT GHODA AMBRODARI,TRUE
J-715[40],JODHPURI-715[40],rent,JODHPURI,1,2000,,,MARUN,40,1,available,,,MARUN PRINTED,TRUE
J-716[40],JODHPURI-716[40],rent,JODHPURI,1,2000,,,PICH,40,1,available,,,PICH PRINTED,TRUE
J-717[34],JODHPURI-717[34],rent,JODHPURI,1,1800,,,PISTA,34,1,available,,,DARK PISTA SIMBOL,TRUE
J-718[36],JODHPURI-718[36],rent,JODHPURI,1,2000,,,MARUN,36,1,available,,,MARUN PRINTED,TRUE
J-719[38],JODHPURI-719[38],rent,JODHPURI,1,1100,,,COFI,38,1,available,,,COFI BLEZER,TRUE
J-720[34],JODHPURI-720[34],rent,JODHPURI,1,1100,,,COFI,34,1,available,,,COFI BLEZER,TRUE
J-721[36],JODHPURI-721[36],rent,JODHPURI,1,3500,,,CREAM ,36,1,available,,,CREAM JYUT GHODA AMBRODARI,TRUE
J-722[38],JODHPURI-722[38],rent,JODHPURI,1,2000,,,MARUN,38,1,available,,,MARUN PRINTED,TRUE
J-723[40],JODHPURI-723[40],rent,JODHPURI,1,2000,,,BLUE,40,1,available,,,DARK BLUE AMBRODARI,TRUE
J-724[34],JODHPURI-724[34],rent,JODHPURI,1,3500,,,GREY,34,1,available,,,GREY AMBRODARI,TRUE
J-725[46],JODHPURI-725[46],rent,JODHPURI,1,3500,,,PISTA,46,1,available,,,PISTA HATHI MOR AMBRODARI,TRUE
J-726[42],JODHPURI-726[42],rent,JODHPURI,1,2500,,,WHITE,42,1,available,,,WHITE HATHI SIMBOL,TRUE
J-727[40],JODHPURI-727[40],rent,JODHPURI,1,2500,,,BLUE,40,1,available,,,BLUE SINH+AMBRODARI SIMBOL,TRUE
J-728[36],JODHPURI-728[36],rent,JODHPURI,1,2500,,,GULABI,36,1,available,,,GULABI VELVET HATHI SIMBOL,TRUE
J-729[34],JODHPURI-729[34],rent,JODHPURI,1,3500,,,CREAM ,34,1,available,,,CREAM JYUT GHODA AMBRODARI,TRUE
J-730[34],JODHPURI-730[34],rent,JODHPURI,1,2500,,,GOLDEN,34,1,available,,,GOLDEN CAMEL SIMBOL,TRUE
J-731[36],JODHPURI-731[36],rent,JODHPURI,1,2500,,,GOLDEN,36,1,available,,,GOLDEN CAMEL SIMBOL,TRUE
J-732[38],JODHPURI-732[38],rent,JODHPURI,1,3000,,,MULTI,38,1,available,,,DARK MULTI AMBRODARI,TRUE
J-733[40],JODHPURI-733[40],rent,JODHPURI,1,2500,,,GOLDEN,40,1,available,,,DARK GOLDEN VELVET HATHI SIMBOL,TRUE
J-734[38],JODHPURI-734[38],rent,JODHPURI,1,2500,,,GOLDEN,38,1,available,,,GOLDEN VELVET HATHI SIMBOL,TRUE
J-735[38],JODHPURI-735[38],rent,JODHPURI,1,2500,,,PISTA,38,1,available,,,PISTA FULVALU,TRUE
J-736[36],JODHPURI-736[36],rent,JODHPURI,1,2500,,,GULABI,36,1,available,,,GULABI AMBRODARI,TRUE
J-737[36],JODHPURI-737[36],rent,JODHPURI,1,3500,,,CREAM,36,1,available,,,CREAM JYUT GHODA AMBRODARI,TRUE
J-738[36],JODHPURI-738[36],rent,JODHPURI,1,2500,,,BLUE,36,1,available,,,BLUE AMBRODARI,TRUE
J-739[34],JODHPURI-739[34],rent,JODHPURI,1,2500,,,BLUE,34,1,available,,,BLUE AMBRODARI,TRUE
J-740[44],JODHPURI-740[44],rent,JODHPURI,1,1100,,,BLACK,44,1,available,,,BLACK PLANE,TRUE
J-741[36],JODHPURI-741[36],rent,JODHPURI,1,3500,,,CREAM,36,1,available,,,CREAM JYUT SINH AMBRODARI,TRUE
J-742[34],JODHPURI-742[34],rent,JODHPURI,1,2500,,,GULABI,34,1,available,,,GULABI AMBRODARI,TRUE
J-743[36],JODHPURI-743[36],rent,JODHPURI,1,3500,,,CREAM,36,1,available,,,CREAM JYUT GHODA AMBRODARI,TRUE
J-744[40],JODHPURI-744[40],rent,JODHPURI,1,2500,,,GULABI,40,1,available,,,GULABI VELVET SIMBOL,TRUE
J-745[42],JODHPURI-745[42],rent,JODHPURI,1,2500,,,PISTA,42,1,available,,,PISTA FULVALU,TRUE
J-746[40],JODHPURI-746[40],rent,JODHPURI,1,2000,,,PISTA,40,1,available,,,PISTA PRINTED,TRUE
J-747[38],JODHPURI-747[38],rent,JODHPURI,1,2000,,,CREAM ,38,1,available,,,CREAM KINKHAB,TRUE
`],JODHPURI-748[38],rent,JODHPURI,1,2000,,,PISTA,38,1,available,,,PISTA PRINTED,TRUE
J-749[38],JODHPURI-749[38],rent,JODHPURI,1,2000,,,GULABI,38,1,available,,,GULABI FULVALU,TRUE
J-750[38],JODHPURI-750[38],rent,JODHPURI,1,1800,,,MARUN,38,1,available,,,MARUN SIMBOL,TRUE
J-751[40],JODHPURI-751[40],rent,JODHPURI,1,2000,,,GULABI,40,1,available,,,GULABI KINKHAB,TRUE
J-752[42],JODHPURI-752[42],rent,JODHPURI,1,2000,,,PISTA,42,1,available,,,PISTA KINKHAB,TRUE
J-753[34],JODHPURI-753[34],rent,JODHPURI,1,2500,,,PURPLE,34,1,available,,,PURPLE VELVET HATHI,TRUE
J-754[36],JODHPURI-754[36],rent,JODHPURI,1,1100,,,COFI,36,1,available,,,COFI BLEZER,TRUE
J-755[40],JODHPURI-755[40],rent,JODHPURI,1,2000,,,PISTA,40,1,available,,,PISTA KINKHAB,TRUE
J-756[40],JODHPURI-756[40],rent,JODHPURI,1,2500,,,BLUE,40,1,available,,,BLUE HATHI SIMBOL,TRUE
J-757[34],JODHPURI-757[34],rent,JODHPURI,1,2000,,,PISTA,34,1,available,,,PISTA KINKHAB,TRUE
J-758[38],JODHPURI-758[38],rent,JODHPURI,1,2500,,,GULABI,38,1,available,,,GULABI HATHI SIMBOL,TRUE
J-759[40],JODHPURI-759[40],rent,JODHPURI,1,2500,,,GOLDEN,40,1,available,,,GOLDEN CAMEL SIMBOL,TRUE
J-760[34],JODHPURI-760[34],rent,JODHPURI,1,2000,,,PISTA,34,1,available,,,PISTA FULVALU,TRUE
J-761[36],JODHPURI-761[36],rent,JODHPURI,1,2500,,,WHITE,36,1,available,,,WHITE HATHI SIMBOL,TRUE
J-762[38],JODHPURI-762[38],rent,JODHPURI,1,3500,,,CREAM,38,1,available,,,CREAM JYUT SINH AMBRODARI,TRUE
J-763[36],JODHPURI-763[36],rent,JODHPURI,1,2500,,,MARUN,36,1,available,,,MARUN VELVET HATHI SIMBOL,TRUE
J-764[36],JODHPURI-764[36],rent,JODHPURI,1,3500,,,PISTA,36,1,available,,,PISTA AMBRODARI,TRUE
J-765[38],JODHPURI-765[38],rent,JODHPURI,1,2500,,,GOLDEN,38,1,available,,,GOLDEN SIMBOL,TRUE
J-766[40],JODHPURI-766[40],rent,JODHPURI,1,5000,,,PISTA ,40,1,available,,,PISTA HENDWORK SIMBOL,TRUE
J-767[34],JODHPURI-767[34],rent,JODHPURI,1,2000,,,PISTA,34,1,available,,,PISTA KINKHAB,TRUE
J-768[36],JODHPURI-768[36],rent,JODHPURI,1,2500,,,PISTA,36,1,available,,,PISTA KINKHAB,TRUE
J-769[34],JODHPURI-769[34],rent,JODHPURI,1,3500,,,CREAM,34,1,available,,,CREAM JYUT SINH AMBRODARI,TRUE
J-770[40],JODHPURI-770[40],rent,JODHPURI,1,5000,,,CREAM,40,1,available,,,CREAM HATHI HENDWORK,TRUE
J-771[38],JODHPURI-771[38],rent,JODHPURI,1,2500,,,WHITE,38,1,available,,,WHITE HATHI SIMBOL,TRUE
J-772[38],JODHPURI-772[38],rent,JODHPURI,1,2500,,,BLUE,38,1,available,,,BLUE VELVET SIMBOL,TRUE
J-773[34],JODHPURI-773[34],rent,JODHPURI,1,2500,,,CREAM,34,1,available,,,LIGHT CREAM SIMBOL,TRUE
J-774[36],JODHPURI-774[36],rent,JODHPURI,1,2000,,,PICH,36,1,available,,,PICH FULVALU,TRUE
J-775[36],JODHPURI-775[36],rent,JODHPURI,1,2500,,,GOLDEN,36,1,available,,,GOLDEN CAMEL SIMBOL,TRUE
J-776[36],JODHPURI-776[36],rent,JODHPURI,1,2500,,,PURPLE,36,1,available,,,PURPLE SIMBOL,TRUE
J-777[36],JODHPURI-777[36],rent,JODHPURI,1,2500,,,GOLDEN,36,1,available,,,GOLDEN CAMEL SIMBOL,TRUE
J-778[38],JODHPURI-778[38],rent,JODHPURI,1,2500,,,MULTI,38,1,available,,,LIGHT MULTI KINKHAB,TRUE
J-779[44],JODHPURI-779[44],rent,JODHPURI,1,2500,,,COFI,44,1,available,,,COFI VELVET GHODAVALU,TRUE
J-780[38],JODHPURI-780[38],rent,JODHPURI,1,2500,,,GOLDEN,38,1,available,,,GOLDEN CAMEL SIMBOL,TRUE
J-781[34],JODHPURI-781[34],rent,JODHPURI,1,2500,,,GREEN,34,1,available,,,GREEN VELVET SIMBOL,TRUE
J-782[38],JODHPURI-782[38],rent,JODHPURI,1,3500,,,GREEN,38,1,available,,,GREEN DULA DULHAN,TRUE
J-783[36],JODHPURI-783[36],rent,JODHPURI,1,2500,,,GREEN ,36,1,available,,,GREEN SIMBOL,TRUE
J-784[38],JODHPURI-784[38],rent,JODHPURI,1,2500,,,CREAM,38,1,available,,,CREAM SIMBOL,TRUE
J-785[38],JODHPURI-785[38],rent,JODHPURI,1,2500,,,COFI,38,1,available,,,COFI VELVET GHODAVALU,TRUE
J-786[34],JODHPURI-786[34],rent,JODHPURI,1,3500,,,GREEN,34,1,available,,,GREEN DULA DULHAN,TRUE
J-787[36],JODHPURI-787[36],rent,JODHPURI,1,3500,,,GREEN,36,1,available,,,GREEN DULA DULHAN,TRUE
J-788[42],JODHPURI-788[42],rent,JODHPURI,1,2500,,,COFI,42,1,available,,,COFI VELVET GHODAVALU,TRUE
J-789[34],JODHPURI-789[34],rent,JODHPURI,1,2000,,,LEVENDER,34,1,available,,,LEVENDER FULVALU,TRUE
J-790[30],JODHPURI-790[30],rent,JODHPURI,1,3500,,,CREAM,30,1,available,,,CREAM JYUT GHODA AMBRODARI,TRUE
J-791[38],JODHPURI-791[38],rent,JODHPURI,1,1100,,,GREEN,38,1,available,,,GREEN PLANE,TRUE
J-792[44],JODHPURI-792[44],rent,JODHPURI,1,3500,,,GREEN,44,1,available,,,GREEN DULA DULHAN,TRUE
J-793[36],JODHPURI-793[36],rent,JODHPURI,1,1500,,,BLUE,36,1,available,,,BLUE PRINTED,TRUE
J-794[40],JODHPURI-794[40],rent,JODHPURI,1,2500,,,COFI,40,1,available,,,LEDHER COFI CAMEL SIMBOL,TRUE
J-795[40],JODHPURI-795[40],rent,JODHPURI,1,2500,,,GOLDEN,40,1,available,,,LIGHT CREAM SIMBOL,TRUE
J-796[34],JODHPURI-796[34],rent,JODHPURI,1,2500,,,GULABI,34,1,available,,,GULABI VELVET HATHI SIMBOL,TRUE
J-797[42],JODHPURI-797[42],rent,JODHPURI,1,1500,,,BLUE,42,1,available,,,BLUE PRINTED,TRUE
J-798[363],JODHPURI-798[363],rent,JODHPURI,1,2500,,,GOLDEN,36,1,available,,,DARK CAMEL SIMBOL,TRUE
J-799[40],JODHPURI-799[40],rent,JODHPURI,1,2500,,,WHITE,40,1,available,,,WHITE HATHI SIMBOL,TRUE
J-800[40],JODHPURI-800[40],rent,JODHPURI,1,1800,,,BLUE ,40,1,available,,,BLUE SIMBOL,TRUE
J-801[32],JODHPURI-801[32],rent,JODHPURI,1,2500,,,GOLDEN,32,1,available,,,COFI VELVET GHODAVALU,TRUE
J-802[36],JODHPURI-802[36],rent,JODHPURI,1,2000,,,PICH,36,1,available,,,PICH PRINTED,TRUE
J-803[38],JODHPURI-803[38],rent,JODHPURI,1,1500,,,BLUE,38,1,available,,,BLUE PRINTED,TRUE
J-804[36],JODHPURI-804[36],rent,JODHPURI,1,1500,,,PITSA,36,1,available,,,PISTA VELVET,TRUE
J-805[36],JODHPURI-805[36],rent,JODHPURI,1,2000,,,LEVENDER,36,1,available,,,LEVENDER FULVALU,TRUE
J-806[36],JODHPURI-806[36],rent,JODHPURI,1,2500,,,GULABI,36,1,available,,,GULABI VELVET SIMBOL,TRUE
J-807[40],JODHPURI-807[40],rent,JODHPURI,1,2500,,,MARUN,40,1,available,,,MARUN SIMBOL,TRUE
J-808[38],JODHPURI-808[38],rent,JODHPURI,1,5000,,,PISTA,38,1,available,,,PISTA HATHI HENDWORK,TRUE
J-809[32],JODHPURI-809[32],rent,JODHPURI,1,2500,,,CREAM,32,1,available,,,LIGHT CREAM SIMBOL,TRUE
J-810[38],JODHPURI-810[38],rent,JODHPURI,1,2500,,,GULABI,38,1,available,,,GULABI SINH SIMBOL,TRUE
J-811[38],JODHPURI-811[38],rent,JODHPURI,1,2500,,,WHITE,38,1,available,,,WHITE HATHI SIMBOL,TRUE
J-812[42],JODHPURI-812[42],rent,JODHPURI,1,3500,,,GREEN,42,1,available,,,GREEN DULA DULHAN,TRUE
J-813[32],JODHPURI-813[32],rent,JODHPURI,1,2500,,,SKY BLUE,32,1,available,,,SKY BLUE SINH SIMBOL+PENT,TRUE
J-814[38],JODHPURI-814[38],rent,JODHPURI,1,2500,,,BLUE,38,1,available,,,BLUE SIMBOL,TRUE
J-815[40],JODHPURI-815[40],rent,JODHPURI,1,2500,,,PURPLE,40,1,available,,,PURPLE HATHI SIMBOL,TRUE
J-816[36],JODHPURI-816[36],rent,JODHPURI,1,2500,,,SKY ,36,1,available,,,SKY SINH SIMBOL+PENT,TRUE
J-817[34],JODHPURI-817[34],rent,JODHPURI,1,2500,,,PISTA,34,1,available,,,PISTA SINH SIMBOL+PENT,TRUE
J-818[36],JODHPURI-818[36],rent,JODHPURI,1,2500,,,GREY,36,1,available,,,DARK GREY SIMBOL+PENT,TRUE
J-819[40],JODHPURI-819[40],rent,JODHPURI,1,2500,,,GREY,40,1,available,,,DRAK GREY SIMBOL+PENT,TRUE
J-820[42],JODHPURI-820[42],rent,JODHPURI,1,2500,,,SKY,42,1,available,,,SKY SINH SIMBOL+PENT,TRUE
J-821[34],JODHPURI-821[34],rent,JODHPURI,1,5000,,,MARUN,34,1,available,,,MARUN HENDWORK,TRUE
J-822[40],JODHPURI-822[40],rent,JODHPURI,1,2500,,,WHITE,40,1,available,,,WHITE HATHI SIMBOL,TRUE
J-823[38],JODHPURI-823[38],rent,JODHPURI,1,2500,,,GOLDEN,38,1,available,,,GOLDEN SIMBOL,TRUE
J-824[38],JODHPURI-824[38],rent,JODHPURI,1,2500,,,GREY,38,1,available,,,DARK GREY SIMBOL+PENT,TRUE
J-825[32],JODHPURI-825[32],rent,JODHPURI,1,2500,,,GREY,32,1,available,,,DARK GREY SIMBOL+PENT,TRUE
J-826[36],JODHPURI-826[36],rent,JODHPURI,1,2000,,,PISTA ,36,1,available,,,PISTA FULVALU,TRUE
J-827[34],JODHPURI-827[34],rent,JODHPURI,1,2500,,,SKY,34,1,available,,,SKY SINH SIMBOL+PENT,TRUE
J-828[40],JODHPURI-828[40],rent,JODHPURI,1,2000,,,LEVENDER,40,1,available,,,LEVENDER FULVALU,TRUE
J-829[32],JODHPURI-829[32],rent,JODHPURI,1,2500,,,SKY,32,1,available,,,SKY SINH SIMBOL+PENT,TRUE
J-830[34],JODHPURI-830[34],rent,JODHPURI,1,1500,,,BLUE,34,1,available,,,BLUE PRINTED,TRUE
J-831[38],JODHPURI-831[38],rent,JODHPURI,1,5000,,,MARUN,38,1,available,,,MARUN VELVET HENDWORK,TRUE
J-832[32],JODHPURI-832[32],rent,JODHPURI,1,2500,,,GULABI,34,1,available,,,LIGHT GULABI VELVET HATHI SIMBOL,TRUE
